"date","reproduction_rate","metric","mobility_change_from_baseline"
"2020-03-07",2.62,"1",8
"2020-03-07",2.62,"2",2
"2020-03-07",2.62,"3",0
"2020-03-08",2.59,"4",-1
"2020-03-08",2.59,"5",1
"2020-03-08",2.59,"6",-21
"2020-03-08",2.59,"1",-2
"2020-03-08",2.59,"2",-1
"2020-03-08",2.59,"3",0
"2020-03-09",2.58,"4",-1
"2020-03-09",2.58,"5",4
"2020-03-09",2.58,"6",6
"2020-03-09",2.58,"1",-1
"2020-03-09",2.58,"2",2
"2020-03-09",2.58,"3",0
"2020-03-10",2.58,"4",-4
"2020-03-10",2.58,"5",4
"2020-03-10",2.58,"6",-5
"2020-03-10",2.58,"1",-4
"2020-03-10",2.58,"2",1
"2020-03-10",2.58,"3",2
"2020-03-11",2.61,"4",-4
"2020-03-11",2.61,"5",4
"2020-03-11",2.61,"6",-3
"2020-03-11",2.61,"1",-4
"2020-03-11",2.61,"2",1
"2020-03-11",2.61,"3",2
"2020-03-12",2.67,"4",-7
"2020-03-12",2.67,"5",23
"2020-03-12",2.67,"6",4
"2020-03-12",2.67,"1",-7
"2020-03-12",2.67,"2",-1
"2020-03-12",2.67,"3",3
"2020-03-13",2.77,"4",-8
"2020-03-13",2.77,"5",40
"2020-03-13",2.77,"6",-5
"2020-03-13",2.77,"1",-16
"2020-03-13",2.77,"2",-7
"2020-03-13",2.77,"3",5
"2020-03-14",2.72,"4",-70
"2020-03-14",2.72,"5",-8
"2020-03-14",2.72,"6",0
"2020-03-14",2.72,"1",-34
"2020-03-14",2.72,"2",-27
"2020-03-14",2.72,"3",12
"2020-03-15",2.68,"4",-66
"2020-03-15",2.68,"5",-18
"2020-03-15",2.68,"6",20
"2020-03-15",2.68,"1",-34
"2020-03-15",2.68,"2",-29
"2020-03-15",2.68,"3",8
"2020-03-16",2.62,"4",-32
"2020-03-16",2.62,"5",16
"2020-03-16",2.62,"6",7
"2020-03-16",2.62,"1",-43
"2020-03-16",2.62,"2",-36
"2020-03-16",2.62,"3",14
"2020-03-17",2.56,"4",-36
"2020-03-17",2.56,"5",30
"2020-03-17",2.56,"6",31
"2020-03-17",2.56,"1",-46
"2020-03-17",2.56,"2",-45
"2020-03-17",2.56,"3",16
"2020-03-18",2.49,"4",-61
"2020-03-18",2.49,"5",-12
"2020-03-18",2.49,"6",7
"2020-03-18",2.49,"1",-56
"2020-03-18",2.49,"2",-52
"2020-03-18",2.49,"3",20
"2020-03-19",2.42,"4",-75
"2020-03-19",2.42,"5",-23
"2020-03-19",2.42,"6",-19
"2020-03-19",2.42,"1",-67
"2020-03-19",2.42,"2",-61
"2020-03-19",2.42,"3",27
"2020-03-20",2.33,"4",-79
"2020-03-20",2.33,"5",-22
"2020-03-20",2.33,"6",-50
"2020-03-20",2.33,"1",-71
"2020-03-20",2.33,"2",-62
"2020-03-20",2.33,"3",31
"2020-03-21",2.3,"4",-84
"2020-03-21",2.3,"5",-39
"2020-03-21",2.3,"6",-34
"2020-03-21",2.3,"1",-67
"2020-03-21",2.3,"2",-51
"2020-03-21",2.3,"3",22
"2020-03-22",2.26,"4",-79
"2020-03-22",2.26,"5",-45
"2020-03-22",2.26,"6",-20
"2020-03-22",2.26,"1",-63
"2020-03-22",2.26,"2",-48
"2020-03-22",2.26,"3",15
"2020-03-23",2.22,"4",-74
"2020-03-23",2.22,"5",-25
"2020-03-23",2.22,"6",-20
"2020-03-23",2.22,"1",-70
"2020-03-23",2.22,"2",-65
"2020-03-23",2.22,"3",26
"2020-03-24",2.19,"4",-74
"2020-03-24",2.19,"5",-21
"2020-03-24",2.19,"6",-8
"2020-03-24",2.19,"1",-69
"2020-03-24",2.19,"2",-66
"2020-03-24",2.19,"3",27
"2020-03-25",2.15,"4",-76
"2020-03-25",2.15,"5",-29
"2020-03-25",2.15,"6",-19
"2020-03-25",2.15,"1",-69
"2020-03-25",2.15,"2",-65
"2020-03-25",2.15,"3",26
"2020-03-26",2.11,"4",-77
"2020-03-26",2.11,"5",-25
"2020-03-26",2.11,"6",-25
"2020-03-26",2.11,"1",-72
"2020-03-26",2.11,"2",-66
"2020-03-26",2.11,"3",29
"2020-03-27",2.02,"4",-78
"2020-03-27",2.02,"5",-21
"2020-03-27",2.02,"6",-27
"2020-03-27",2.02,"1",-70
"2020-03-27",2.02,"2",-65
"2020-03-27",2.02,"3",31
"2020-03-28",1.96,"4",-83
"2020-03-28",1.96,"5",-36
"2020-03-28",1.96,"6",-38
"2020-03-28",1.96,"1",-67
"2020-03-28",1.96,"2",-51
"2020-03-28",1.96,"3",22
"2020-03-29",1.88,"4",-84
"2020-03-29",1.88,"5",-53
"2020-03-29",1.88,"6",-66
"2020-03-29",1.88,"1",-76
"2020-03-29",1.88,"2",-52
"2020-03-29",1.88,"3",17
"2020-03-30",1.78,"4",-76
"2020-03-30",1.78,"5",-30
"2020-03-30",1.78,"6",-35
"2020-03-30",1.78,"1",-72
"2020-03-30",1.78,"2",-66
"2020-03-30",1.78,"3",27
"2020-03-31",1.68,"4",-75
"2020-03-31",1.68,"5",-25
"2020-03-31",1.68,"6",-18
"2020-03-31",1.68,"1",-71
"2020-03-31",1.68,"2",-66
"2020-03-31",1.68,"3",28
"2020-04-01",1.59,"4",-76
"2020-04-01",1.59,"5",-31
"2020-04-01",1.59,"6",-18
"2020-04-01",1.59,"1",-69
"2020-04-01",1.59,"2",-64
"2020-04-01",1.59,"3",26
"2020-04-02",1.5,"4",-77
"2020-04-02",1.5,"5",-27
"2020-04-02",1.5,"6",-38
"2020-04-02",1.5,"1",-73
"2020-04-02",1.5,"2",-66
"2020-04-02",1.5,"3",30
"2020-04-03",1.43,"4",-79
"2020-04-03",1.43,"5",-21
"2020-04-03",1.43,"6",-38
"2020-04-03",1.43,"1",-72
"2020-04-03",1.43,"2",-65
"2020-04-03",1.43,"3",32
"2020-04-04",1.38,"4",-82
"2020-04-04",1.38,"5",-32
"2020-04-04",1.38,"6",-30
"2020-04-04",1.38,"1",-64
"2020-04-04",1.38,"2",-50
"2020-04-04",1.38,"3",22
"2020-04-05",1.34,"4",-76
"2020-04-05",1.34,"5",-36
"2020-04-05",1.34,"6",-13
"2020-04-05",1.34,"1",-60
"2020-04-05",1.34,"2",-46
"2020-04-05",1.34,"3",15
"2020-04-06",1.32,"4",-74
"2020-04-06",1.32,"5",-27
"2020-04-06",1.32,"6",-19
"2020-04-06",1.32,"1",-69
"2020-04-06",1.32,"2",-66
"2020-04-06",1.32,"3",26
"2020-04-07",1.28,"4",-72
"2020-04-07",1.28,"5",-19
"2020-04-07",1.28,"6",4
"2020-04-07",1.28,"1",-67
"2020-04-07",1.28,"2",-66
"2020-04-07",1.28,"3",26
"2020-04-08",1.24,"4",-73
"2020-04-08",1.24,"5",-25
"2020-04-08",1.24,"6",-3
"2020-04-08",1.24,"1",-66
"2020-04-08",1.24,"2",-64
"2020-04-08",1.24,"3",24
"2020-04-09",1.19,"4",-73
"2020-04-09",1.19,"5",-18
"2020-04-09",1.19,"6",-7
"2020-04-09",1.19,"1",-67
"2020-04-09",1.19,"2",-66
"2020-04-09",1.19,"3",27
"2020-04-10",1.15,"4",-75
"2020-04-10",1.15,"5",-14
"2020-04-10",1.15,"6",-12
"2020-04-10",1.15,"1",-67
"2020-04-10",1.15,"2",-66
"2020-04-10",1.15,"3",30
"2020-04-11",1.12,"4",-79
"2020-04-11",1.12,"5",-25
"2020-04-11",1.12,"6",-20
"2020-04-11",1.12,"1",-60
"2020-04-11",1.12,"2",-47
"2020-04-11",1.12,"3",20
"2020-04-12",1.1,"4",-75
"2020-04-12",1.1,"5",-40
"2020-04-12",1.1,"6",-24
"2020-04-12",1.1,"1",-61
"2020-04-12",1.1,"2",-45
"2020-04-12",1.1,"3",15
"2020-04-13",1.09,"4",-86
"2020-04-13",1.09,"5",-76
"2020-04-13",1.09,"6",-31
"2020-04-13",1.09,"1",-80
"2020-04-13",1.09,"2",-88
"2020-04-13",1.09,"3",35
"2020-04-14",1.07,"4",-73
"2020-04-14",1.07,"5",-11
"2020-04-14",1.07,"6",-26
"2020-04-14",1.07,"1",-70
"2020-04-14",1.07,"2",-66
"2020-04-14",1.07,"3",27
"2020-04-15",1.06,"4",-74
"2020-04-15",1.06,"5",-24
"2020-04-15",1.06,"6",-12
"2020-04-15",1.06,"1",-66
"2020-04-15",1.06,"2",-64
"2020-04-15",1.06,"3",25
"2020-04-16",1.02,"4",-73
"2020-04-16",1.02,"5",-20
"2020-04-16",1.02,"6",-4
"2020-04-16",1.02,"1",-67
"2020-04-16",1.02,"2",-65
"2020-04-16",1.02,"3",27
"2020-04-17",0.98,"4",-75
"2020-04-17",0.98,"5",-19
"2020-04-17",0.98,"6",-14
"2020-04-17",0.98,"1",-66
"2020-04-17",0.98,"2",-63
"2020-04-17",0.98,"3",30
"2020-04-18",0.95,"4",-80
"2020-04-18",0.95,"5",-35
"2020-04-18",0.95,"6",-54
"2020-04-18",0.95,"1",-67
"2020-04-18",0.95,"2",-45
"2020-04-18",0.95,"3",22
"2020-04-19",0.94,"4",-76
"2020-04-19",0.94,"5",-43
"2020-04-19",0.94,"6",-29
"2020-04-19",0.94,"1",-63
"2020-04-19",0.94,"2",-41
"2020-04-19",0.94,"3",15
"2020-04-20",0.93,"4",-66
"2020-04-20",0.93,"5",-28
"2020-04-20",0.93,"6",-9
"2020-04-20",0.93,"1",-65
"2020-04-20",0.93,"2",-60
"2020-04-20",0.93,"3",24
"2020-04-21",0.9,"4",-66
"2020-04-21",0.9,"5",-22
"2020-04-21",0.9,"6",0
"2020-04-21",0.9,"1",-64
"2020-04-21",0.9,"2",-60
"2020-04-21",0.9,"3",25
"2020-04-22",0.87,"4",-68
"2020-04-22",0.87,"5",-25
"2020-04-22",0.87,"6",-1
"2020-04-22",0.87,"1",-63
"2020-04-22",0.87,"2",-58
"2020-04-22",0.87,"3",23
"2020-04-23",0.84,"4",-67
"2020-04-23",0.84,"5",-19
"2020-04-23",0.84,"6",2
"2020-04-23",0.84,"1",-63
"2020-04-23",0.84,"2",-60
"2020-04-23",0.84,"3",25
"2020-04-24",0.81,"4",-71
"2020-04-24",0.81,"5",-19
"2020-04-24",0.81,"6",-17
"2020-04-24",0.81,"1",-64
"2020-04-24",0.81,"2",-59
"2020-04-24",0.81,"3",28
"2020-04-25",0.78,"4",-75
"2020-04-25",0.78,"5",-28
"2020-04-25",0.78,"6",-25
"2020-04-25",0.78,"1",-58
"2020-04-25",0.78,"2",-39
"2020-04-25",0.78,"3",19
"2020-04-26",0.76,"4",-70
"2020-04-26",0.76,"5",-33
"2020-04-26",0.76,"6",-3
"2020-04-26",0.76,"1",-54
"2020-04-26",0.76,"2",-36
"2020-04-26",0.76,"3",13
"2020-04-27",0.74,"4",-63
"2020-04-27",0.74,"5",-26
"2020-04-27",0.74,"6",4
"2020-04-27",0.74,"1",-62
"2020-04-27",0.74,"2",-58
"2020-04-27",0.74,"3",23
"2020-04-28",0.72,"4",-68
"2020-04-28",0.72,"5",-23
"2020-04-28",0.72,"6",-38
"2020-04-28",0.72,"1",-68
"2020-04-28",0.72,"2",-58
"2020-04-28",0.72,"3",24
"2020-04-29",0.69,"4",-68
"2020-04-29",0.69,"5",-21
"2020-04-29",0.69,"6",-31
"2020-04-29",0.69,"1",-64
"2020-04-29",0.69,"2",-56
"2020-04-29",0.69,"3",23
"2020-04-30",0.67,"4",-60
"2020-04-30",0.67,"5",-1
"2020-04-30",0.67,"6",-28
"2020-04-30",0.67,"1",-64
"2020-04-30",0.67,"2",-57
"2020-04-30",0.67,"3",25
"2020-05-01",0.65,"4",-83
"2020-05-01",0.65,"5",-69
"2020-05-01",0.65,"6",-37
"2020-05-01",0.65,"1",-76
"2020-05-01",0.65,"2",-83
"2020-05-01",0.65,"3",37
"2020-05-02",0.65,"4",-71
"2020-05-02",0.65,"5",-19
"2020-05-02",0.65,"6",-36
"2020-05-02",0.65,"1",-60
"2020-05-02",0.65,"2",-37
"2020-05-02",0.65,"3",19
"2020-05-03",0.65,"4",-69
"2020-05-03",0.65,"5",-36
"2020-05-03",0.65,"6",-13
"2020-05-03",0.65,"1",-55
"2020-05-03",0.65,"2",-33
"2020-05-03",0.65,"3",13
"2020-05-04",0.66,"4",-57
"2020-05-04",0.66,"5",-19
"2020-05-04",0.66,"6",-4
"2020-05-04",0.66,"1",-59
"2020-05-04",0.66,"2",-53
"2020-05-04",0.66,"3",21
"2020-05-05",0.68,"4",-56
"2020-05-05",0.68,"5",-16
"2020-05-05",0.68,"6",17
"2020-05-05",0.68,"1",-58
"2020-05-05",0.68,"2",-53
"2020-05-05",0.68,"3",21
"2020-05-06",0.69,"4",-57
"2020-05-06",0.69,"5",-19
"2020-05-06",0.69,"6",21
"2020-05-06",0.69,"1",-55
"2020-05-06",0.69,"2",-51
"2020-05-06",0.69,"3",19
"2020-05-07",0.71,"4",-57
"2020-05-07",0.71,"5",-13
"2020-05-07",0.71,"6",19
"2020-05-07",0.71,"1",-56
"2020-05-07",0.71,"2",-52
"2020-05-07",0.71,"3",22
"2020-05-08",0.72,"4",-60
"2020-05-08",0.72,"5",-12
"2020-05-08",0.72,"6",11
"2020-05-08",0.72,"1",-56
"2020-05-08",0.72,"2",-51
"2020-05-08",0.72,"3",24
"2020-05-09",0.73,"4",-65
"2020-05-09",0.73,"5",-18
"2020-05-09",0.73,"6",17
"2020-05-09",0.73,"1",-46
"2020-05-09",0.73,"2",-28
"2020-05-09",0.73,"3",15
"2020-05-10",0.73,"4",-62
"2020-05-10",0.73,"5",-25
"2020-05-10",0.73,"6",-39
"2020-05-10",0.73,"1",-51
"2020-05-10",0.73,"2",-17
"2020-05-10",0.73,"3",10
"2020-05-11",0.72,"4",-41
"2020-05-11",0.72,"5",-18
"2020-05-11",0.72,"6",-18
"2020-05-11",0.72,"1",-54
"2020-05-11",0.72,"2",-48
"2020-05-11",0.72,"3",19
"2020-05-12",0.71,"4",-40
"2020-05-12",0.71,"5",-11
"2020-05-12",0.71,"6",6
"2020-05-12",0.71,"1",-50
"2020-05-12",0.71,"2",-47
"2020-05-12",0.71,"3",19
"2020-05-13",0.7,"4",-44
"2020-05-13",0.7,"5",-15
"2020-05-13",0.7,"6",-7
"2020-05-13",0.7,"1",-50
"2020-05-13",0.7,"2",-46
"2020-05-13",0.7,"3",18
"2020-05-14",0.69,"4",-47
"2020-05-14",0.69,"5",-8
"2020-05-14",0.69,"6",-1
"2020-05-14",0.69,"1",-49
"2020-05-14",0.69,"2",-47
"2020-05-14",0.69,"3",19
"2020-05-15",0.7,"4",-50
"2020-05-15",0.7,"5",-7
"2020-05-15",0.7,"6",1
"2020-05-15",0.7,"1",-45
"2020-05-15",0.7,"2",-44
"2020-05-15",0.7,"3",21
"2020-05-16",0.7,"4",-54
"2020-05-16",0.7,"5",-14
"2020-05-16",0.7,"6",-6
"2020-05-16",0.7,"1",-36
"2020-05-16",0.7,"2",-18
"2020-05-16",0.7,"3",13
"2020-05-17",0.7,"4",-59
"2020-05-17",0.7,"5",-14
"2020-05-17",0.7,"6",26
"2020-05-17",0.7,"1",-32
"2020-05-17",0.7,"2",-13
"2020-05-17",0.7,"3",9
"2020-05-18",0.71,"4",-34
"2020-05-18",0.71,"5",-9
"2020-05-18",0.71,"6",22
"2020-05-18",0.71,"1",-41
"2020-05-18",0.71,"2",-43
"2020-05-18",0.71,"3",16
"2020-05-19",0.72,"4",-33
"2020-05-19",0.72,"5",-1
"2020-05-19",0.72,"6",35
"2020-05-19",0.72,"1",-39
"2020-05-19",0.72,"2",-43
"2020-05-19",0.72,"3",16
"2020-05-20",0.72,"4",-26
"2020-05-20",0.72,"5",11
"2020-05-20",0.72,"6",34
"2020-05-20",0.72,"1",-38
"2020-05-20",0.72,"2",-43
"2020-05-20",0.72,"3",13
"2020-05-21",0.72,"4",-65
"2020-05-21",0.72,"5",-52
"2020-05-21",0.72,"6",80
"2020-05-21",0.72,"1",-54
"2020-05-21",0.72,"2",-80
"2020-05-21",0.72,"3",25
"2020-05-22",0.72,"4",-38
"2020-05-22",0.72,"5",5
"2020-05-22",0.72,"6",-5
"2020-05-22",0.72,"1",-49
"2020-05-22",0.72,"2",-62
"2020-05-22",0.72,"3",23
"2020-05-23",0.73,"4",-47
"2020-05-23",0.73,"5",-13
"2020-05-23",0.73,"6",-3
"2020-05-23",0.73,"1",-36
"2020-05-23",0.73,"2",-13
"2020-05-23",0.73,"3",13
"2020-05-24",0.73,"4",-58
"2020-05-24",0.73,"5",-19
"2020-05-24",0.73,"6",4
"2020-05-24",0.73,"1",-37
"2020-05-24",0.73,"2",-11
"2020-05-24",0.73,"3",9
"2020-05-25",0.72,"4",-29
"2020-05-25",0.72,"5",-9
"2020-05-25",0.72,"6",29
"2020-05-25",0.72,"1",-40
"2020-05-25",0.72,"2",-42
"2020-05-25",0.72,"3",15
"2020-05-26",0.71,"4",-29
"2020-05-26",0.71,"5",-4
"2020-05-26",0.71,"6",47
"2020-05-26",0.71,"1",-39
"2020-05-26",0.71,"2",-39
"2020-05-26",0.71,"3",15
"2020-05-27",0.71,"4",-32
"2020-05-27",0.71,"5",-7
"2020-05-27",0.71,"6",41
"2020-05-27",0.71,"1",-38
"2020-05-27",0.71,"2",-39
"2020-05-27",0.71,"3",13
"2020-05-28",0.7,"4",-32
"2020-05-28",0.7,"5",1
"2020-05-28",0.7,"6",33
"2020-05-28",0.7,"1",-39
"2020-05-28",0.7,"2",-40
"2020-05-28",0.7,"3",16
"2020-05-29",0.69,"4",-37
"2020-05-29",0.69,"5",3
"2020-05-29",0.69,"6",33
"2020-05-29",0.69,"1",-37
"2020-05-29",0.69,"2",-38
"2020-05-29",0.69,"3",16
"2020-05-30",0.69,"4",-41
"2020-05-30",0.69,"5",-1
"2020-05-30",0.69,"6",35
"2020-05-30",0.69,"1",-24
"2020-05-30",0.69,"2",0
"2020-05-30",0.69,"3",8
"2020-05-31",0.69,"4",-48
"2020-05-31",0.69,"5",4
"2020-05-31",0.69,"6",60
"2020-05-31",0.69,"1",-22
"2020-05-31",0.69,"2",0
"2020-05-31",0.69,"3",5
"2020-06-01",0.69,"4",-57
"2020-06-01",0.69,"5",-55
"2020-06-01",0.69,"6",125
"2020-06-01",0.69,"1",-51
"2020-06-01",0.69,"2",-78
"2020-06-01",0.69,"3",22
"2020-06-02",0.68,"4",-22
"2020-06-02",0.68,"5",14
"2020-06-02",0.68,"6",48
"2020-06-02",0.68,"1",-34
"2020-06-02",0.68,"2",-37
"2020-06-02",0.68,"3",12
"2020-06-03",0.68,"4",-29
"2020-06-03",0.68,"5",-2
"2020-06-03",0.68,"6",35
"2020-06-03",0.68,"1",-34
"2020-06-03",0.68,"2",-36
"2020-06-03",0.68,"3",12
"2020-06-04",0.69,"4",-36
"2020-06-04",0.69,"5",-2
"2020-06-04",0.69,"6",-19
"2020-06-04",0.69,"1",-41
"2020-06-04",0.69,"2",-37
"2020-06-04",0.69,"3",16
"2020-06-05",0.72,"4",-41
"2020-06-05",0.72,"5",-5
"2020-06-05",0.72,"6",-28
"2020-06-05",0.72,"1",-43
"2020-06-05",0.72,"2",-36
"2020-06-05",0.72,"3",17
"2020-06-06",0.74,"4",-39
"2020-06-06",0.74,"5",-6
"2020-06-06",0.74,"6",-10
"2020-06-06",0.74,"1",-31
"2020-06-06",0.74,"2",-2
"2020-06-06",0.74,"3",10
"2020-06-07",0.76,"4",-45
"2020-06-07",0.76,"5",-9
"2020-06-07",0.76,"6",22
"2020-06-07",0.76,"1",-29
"2020-06-07",0.76,"2",1
"2020-06-07",0.76,"3",7
"2020-06-08",0.77,"4",-14
"2020-06-08",0.77,"5",-11
"2020-06-08",0.77,"6",-9
"2020-06-08",0.77,"1",-36
"2020-06-08",0.77,"2",-36
"2020-06-08",0.77,"3",12
"2020-06-09",0.77,"4",-14
"2020-06-09",0.77,"5",-5
"2020-06-09",0.77,"6",18
"2020-06-09",0.77,"1",-34
"2020-06-09",0.77,"2",-35
"2020-06-09",0.77,"3",12
"2020-06-10",0.78,"4",-15
"2020-06-10",0.78,"5",-9
"2020-06-10",0.78,"6",25
"2020-06-10",0.78,"1",-33
"2020-06-10",0.78,"2",-34
"2020-06-10",0.78,"3",11
"2020-06-11",0.78,"4",-15
"2020-06-11",0.78,"5",-3
"2020-06-11",0.78,"6",27
"2020-06-11",0.78,"1",-33
"2020-06-11",0.78,"2",-35
"2020-06-11",0.78,"3",12
"2020-06-12",0.77,"4",-18
"2020-06-12",0.77,"5",-3
"2020-06-12",0.77,"6",27
"2020-06-12",0.77,"1",-31
"2020-06-12",0.77,"2",-33
"2020-06-12",0.77,"3",12
"2020-06-13",0.78,"4",-20
"2020-06-13",0.78,"5",-6
"2020-06-13",0.78,"6",60
"2020-06-13",0.78,"1",-18
"2020-06-13",0.78,"2",7
"2020-06-13",0.78,"3",5
"2020-06-14",0.79,"4",-21
"2020-06-14",0.79,"5",-4
"2020-06-14",0.79,"6",48
"2020-06-14",0.79,"1",-20
"2020-06-14",0.79,"2",17
"2020-06-14",0.79,"3",2
"2020-06-15",0.79,"4",-7
"2020-06-15",0.79,"5",-7
"2020-06-15",0.79,"6",53
"2020-06-15",0.79,"1",-29
"2020-06-15",0.79,"2",-34
"2020-06-15",0.79,"3",10
"2020-06-16",0.79,"4",-8
"2020-06-16",0.79,"5",0
"2020-06-16",0.79,"6",47
"2020-06-16",0.79,"1",-29
"2020-06-16",0.79,"2",-33
"2020-06-16",0.79,"3",11
"2020-06-17",0.81,"4",-17
"2020-06-17",0.81,"5",-9
"2020-06-17",0.81,"6",3
"2020-06-17",0.81,"1",-33
"2020-06-17",0.81,"2",-33
"2020-06-17",0.81,"3",11
"2020-06-18",0.83,"4",-12
"2020-06-18",0.83,"5",-2
"2020-06-18",0.83,"6",33
"2020-06-18",0.83,"1",-31
"2020-06-18",0.83,"2",-34
"2020-06-18",0.83,"3",11
"2020-06-19",0.85,"4",-13
"2020-06-19",0.85,"5",-2
"2020-06-19",0.85,"6",49
"2020-06-19",0.85,"1",-27
"2020-06-19",0.85,"2",-32
"2020-06-19",0.85,"3",10
"2020-06-20",0.86,"4",-17
"2020-06-20",0.86,"5",-9
"2020-06-20",0.86,"6",70
"2020-06-20",0.86,"1",-15
"2020-06-20",0.86,"2",7
"2020-06-20",0.86,"3",3
"2020-06-21",0.88,"4",-18
"2020-06-21",0.88,"5",-5
"2020-06-21",0.88,"6",55
"2020-06-21",0.88,"1",-20
"2020-06-21",0.88,"2",9
"2020-06-21",0.88,"3",2
"2020-06-22",0.94,"4",-2
"2020-06-22",0.94,"5",-4
"2020-06-22",0.94,"6",70
"2020-06-22",0.94,"1",-27
"2020-06-22",0.94,"2",-35
"2020-06-22",0.94,"3",9
"2020-06-23",1.01,"4",2
"2020-06-23",1.01,"5",4
"2020-06-23",1.01,"6",102
"2020-06-23",1.01,"1",-23
"2020-06-23",1.01,"2",-34
"2020-06-23",1.01,"3",8
"2020-06-24",1,"4",-5
"2020-06-24",1,"5",-1
"2020-06-24",1,"6",93
"2020-06-24",1,"1",-24
"2020-06-24",1,"2",-31
"2020-06-24",1,"3",7
"2020-06-25",0.99,"4",-6
"2020-06-25",0.99,"5",3
"2020-06-25",0.99,"6",89
"2020-06-25",0.99,"1",-25
"2020-06-25",0.99,"2",-33
"2020-06-25",0.99,"3",8
"2020-06-26",0.98,"4",-15
"2020-06-26",0.98,"5",-1
"2020-06-26",0.98,"6",56
"2020-06-26",0.98,"1",-25
"2020-06-26",0.98,"2",-32
"2020-06-26",0.98,"3",9
"2020-06-27",0.98,"4",-19
"2020-06-27",0.98,"5",-7
"2020-06-27",0.98,"6",43
"2020-06-27",0.98,"1",-16
"2020-06-27",0.98,"2",2
"2020-06-27",0.98,"3",4
"2020-06-28",0.98,"4",-12
"2020-06-28",0.98,"5",-4
"2020-06-28",0.98,"6",56
"2020-06-28",0.98,"1",-16
"2020-06-28",0.98,"2",13
"2020-06-28",0.98,"3",1
"2020-06-29",0.99,"4",2
"2020-06-29",0.99,"5",-1
"2020-06-29",0.99,"6",51
"2020-06-29",0.99,"1",-25
"2020-06-29",0.99,"2",-33
"2020-06-29",0.99,"3",8
"2020-06-30",0.99,"4",2
"2020-06-30",0.99,"5",0
"2020-06-30",0.99,"6",38
"2020-06-30",0.99,"1",-26
"2020-06-30",0.99,"2",-32
"2020-06-30",0.99,"3",9
"2020-07-01",1,"4",-5
"2020-07-01",1,"5",-6
"2020-07-01",1,"6",35
"2020-07-01",1,"1",-27
"2020-07-01",1,"2",-34
"2020-07-01",1,"3",7
"2020-07-02",1.02,"4",-3
"2020-07-02",1.02,"5",-1
"2020-07-02",1.02,"6",58
"2020-07-02",1.02,"1",-27
"2020-07-02",1.02,"2",-36
"2020-07-02",1.02,"3",9
"2020-07-03",1.04,"4",-8
"2020-07-03",1.04,"5",-3
"2020-07-03",1.04,"6",77
"2020-07-03",1.04,"1",-24
"2020-07-03",1.04,"2",-36
"2020-07-03",1.04,"3",8
"2020-07-04",1.06,"4",-17
"2020-07-04",1.06,"5",-10
"2020-07-04",1.06,"6",39
"2020-07-04",1.06,"1",-15
"2020-07-04",1.06,"2",0
"2020-07-04",1.06,"3",3
"2020-07-05",1.07,"4",-13
"2020-07-05",1.07,"5",-6
"2020-07-05",1.07,"6",49
"2020-07-05",1.07,"1",-16
"2020-07-05",1.07,"2",5
"2020-07-05",1.07,"3",1
"2020-07-06",1.07,"4",2
"2020-07-06",1.07,"5",-4
"2020-07-06",1.07,"6",77
"2020-07-06",1.07,"1",-28
"2020-07-06",1.07,"2",-40
"2020-07-06",1.07,"3",8
"2020-07-07",1.07,"4",5
"2020-07-07",1.07,"5",-1
"2020-07-07",1.07,"6",111
"2020-07-07",1.07,"1",-24
"2020-07-07",1.07,"2",-39
"2020-07-07",1.07,"3",7
"2020-07-08",1.1,"4",-10
"2020-07-08",1.1,"5",-10
"2020-07-08",1.1,"6",19
"2020-07-08",1.1,"1",-32
"2020-07-08",1.1,"2",-37
"2020-07-08",1.1,"3",8
"2020-07-09",1.14,"4",-4
"2020-07-09",1.14,"5",-4
"2020-07-09",1.14,"6",67
"2020-07-09",1.14,"1",-29
"2020-07-09",1.14,"2",-38
"2020-07-09",1.14,"3",8
"2020-07-10",1.2,"4",-12
"2020-07-10",1.2,"5",-4
"2020-07-10",1.2,"6",70
"2020-07-10",1.2,"1",-27
"2020-07-10",1.2,"2",-38
"2020-07-10",1.2,"3",8
"2020-07-11",1.26,"4",-18
"2020-07-11",1.26,"5",-14
"2020-07-11",1.26,"6",98
"2020-07-11",1.26,"1",-9
"2020-07-11",1.26,"2",2
"2020-07-11",1.26,"3",1
"2020-07-12",1.32,"4",-4
"2020-07-12",1.32,"5",-3
"2020-07-12",1.32,"6",124
"2020-07-12",1.32,"1",-3
"2020-07-12",1.32,"2",10
"2020-07-12",1.32,"3",-2
"2020-07-13",1.33,"4",5
"2020-07-13",1.33,"5",-5
"2020-07-13",1.33,"6",151
"2020-07-13",1.33,"1",-25
"2020-07-13",1.33,"2",-43
"2020-07-13",1.33,"3",7
"2020-07-14",1.38,"4",-3
"2020-07-14",1.38,"5",-4
"2020-07-14",1.38,"6",71
"2020-07-14",1.38,"1",-32
"2020-07-14",1.38,"2",-44
"2020-07-14",1.38,"3",10
"2020-07-15",1.43,"4",-5
"2020-07-15",1.43,"5",-10
"2020-07-15",1.43,"6",89
"2020-07-15",1.43,"1",-30
"2020-07-15",1.43,"2",-40
"2020-07-15",1.43,"3",7
"2020-07-16",1.51,"4",-8
"2020-07-16",1.51,"5",-5
"2020-07-16",1.51,"6",57
"2020-07-16",1.51,"1",-35
"2020-07-16",1.51,"2",-43
"2020-07-16",1.51,"3",10
"2020-07-17",1.51,"4",-14
"2020-07-17",1.51,"5",-7
"2020-07-17",1.51,"6",102
"2020-07-17",1.51,"1",-29
"2020-07-17",1.51,"2",-42
"2020-07-17",1.51,"3",8
"2020-07-18",1.5,"4",-23
"2020-07-18",1.5,"5",-16
"2020-07-18",1.5,"6",124
"2020-07-18",1.5,"1",-12
"2020-07-18",1.5,"2",-1
"2020-07-18",1.5,"3",0
"2020-07-19",1.5,"4",-11
"2020-07-19",1.5,"5",-5
"2020-07-19",1.5,"6",122
"2020-07-19",1.5,"1",-10
"2020-07-19",1.5,"2",7
"2020-07-19",1.5,"3",-2
"2020-07-20",1.55,"4",13
"2020-07-20",1.55,"5",8
"2020-07-20",1.55,"6",172
"2020-07-20",1.55,"1",-33
"2020-07-20",1.55,"2",-60
"2020-07-20",1.55,"3",9
"2020-07-21",1.55,"4",-27
"2020-07-21",1.55,"5",-56
"2020-07-21",1.55,"6",252
"2020-07-21",1.55,"1",-43
"2020-07-21",1.55,"2",-77
"2020-07-21",1.55,"3",15
"2020-07-22",1.55,"4",-3
"2020-07-22",1.55,"5",-2
"2020-07-22",1.55,"6",142
"2020-07-22",1.55,"1",-30
"2020-07-22",1.55,"2",-47
"2020-07-22",1.55,"3",7
"2020-07-23",1.53,"4",-6
"2020-07-23",1.53,"5",-4
"2020-07-23",1.53,"6",146
"2020-07-23",1.53,"1",-32
"2020-07-23",1.53,"2",-49
"2020-07-23",1.53,"3",10
"2020-07-24",1.54,"4",-21
"2020-07-24",1.54,"5",-6
"2020-07-24",1.54,"6",86
"2020-07-24",1.54,"1",-35
"2020-07-24",1.54,"2",-48
"2020-07-24",1.54,"3",11
"2020-07-25",1.55,"4",-30
"2020-07-25",1.55,"5",-16
"2020-07-25",1.55,"6",64
"2020-07-25",1.55,"1",-24
"2020-07-25",1.55,"2",-5
"2020-07-25",1.55,"3",4
"2020-07-26",1.54,"4",-21
"2020-07-26",1.54,"5",-11
"2020-07-26",1.54,"6",83
"2020-07-26",1.54,"1",-18
"2020-07-26",1.54,"2",6
"2020-07-26",1.54,"3",1
"2020-07-27",1.53,"4",-6
"2020-07-27",1.53,"5",-6
"2020-07-27",1.53,"6",115
"2020-07-27",1.53,"1",-36
"2020-07-27",1.53,"2",-51
"2020-07-27",1.53,"3",11
"2020-07-28",1.53,"4",-7
"2020-07-28",1.53,"5",-5
"2020-07-28",1.53,"6",123
"2020-07-28",1.53,"1",-37
"2020-07-28",1.53,"2",-50
"2020-07-28",1.53,"3",12
"2020-07-29",1.52,"4",-13
"2020-07-29",1.52,"5",-12
"2020-07-29",1.52,"6",127
"2020-07-29",1.52,"1",-35
"2020-07-29",1.52,"2",-48
"2020-07-29",1.52,"3",10
"2020-07-30",1.49,"4",-12
"2020-07-30",1.49,"5",-3
"2020-07-30",1.49,"6",127
"2020-07-30",1.49,"1",-36
"2020-07-30",1.49,"2",-51
"2020-07-30",1.49,"3",11
"2020-07-31",1.45,"4",-29
"2020-07-31",1.45,"5",-10
"2020-07-31",1.45,"6",108
"2020-07-31",1.45,"1",-38
"2020-07-31",1.45,"2",-51
"2020-07-31",1.45,"3",12
"2020-08-01",1.41,"4",-31
"2020-08-01",1.41,"5",-17
"2020-08-01",1.41,"6",87
"2020-08-01",1.41,"1",-24
"2020-08-01",1.41,"2",-4
"2020-08-01",1.41,"3",4
"2020-08-02",1.37,"4",-13
"2020-08-02",1.37,"5",-8
"2020-08-02",1.37,"6",90
"2020-08-02",1.37,"1",-17
"2020-08-02",1.37,"2",8
"2020-08-02",1.37,"3",1
"2020-08-03",1.33,"4",-4
"2020-08-03",1.33,"5",-6
"2020-08-03",1.33,"6",85
"2020-08-03",1.33,"1",-38
"2020-08-03",1.33,"2",-50
"2020-08-03",1.33,"3",11
"2020-08-04",1.3,"4",1
"2020-08-04",1.3,"5",-2
"2020-08-04",1.3,"6",145
"2020-08-04",1.3,"1",-34
"2020-08-04",1.3,"2",-48
"2020-08-04",1.3,"3",10
"2020-08-05",1.27,"4",-7
"2020-08-05",1.27,"5",-8
"2020-08-05",1.27,"6",137
"2020-08-05",1.27,"1",-33
"2020-08-05",1.27,"2",-46
"2020-08-05",1.27,"3",8
"2020-08-06",1.26,"4",-10
"2020-08-06",1.26,"5",-3
"2020-08-06",1.26,"6",128
"2020-08-06",1.26,"1",-37
"2020-08-06",1.26,"2",-49
"2020-08-06",1.26,"3",11
"2020-08-07",1.23,"4",-23
"2020-08-07",1.23,"5",-7
"2020-08-07",1.23,"6",112
"2020-08-07",1.23,"1",-37
"2020-08-07",1.23,"2",-48
"2020-08-07",1.23,"3",11
"2020-08-08",1.2,"4",-33
"2020-08-08",1.2,"5",-17
"2020-08-08",1.2,"6",95
"2020-08-08",1.2,"1",-26
"2020-08-08",1.2,"2",-6
"2020-08-08",1.2,"3",5
"2020-08-09",1.19,"4",-26
"2020-08-09",1.19,"5",-7
"2020-08-09",1.19,"6",78
"2020-08-09",1.19,"1",-24
"2020-08-09",1.19,"2",5
"2020-08-09",1.19,"3",1
"2020-08-10",1.16,"4",-6
"2020-08-10",1.16,"5",-5
"2020-08-10",1.16,"6",114
"2020-08-10",1.16,"1",-38
"2020-08-10",1.16,"2",-48
"2020-08-10",1.16,"3",10
"2020-08-11",1.13,"4",-7
"2020-08-11",1.13,"5",-5
"2020-08-11",1.13,"6",123
"2020-08-11",1.13,"1",-38
"2020-08-11",1.13,"2",-47
"2020-08-11",1.13,"3",11
"2020-08-12",1.1,"4",-13
"2020-08-12",1.1,"5",-12
"2020-08-12",1.1,"6",106
"2020-08-12",1.1,"1",-37
"2020-08-12",1.1,"2",-44
"2020-08-12",1.1,"3",9
"2020-08-13",1.07,"4",-14
"2020-08-13",1.07,"5",-6
"2020-08-13",1.07,"6",83
"2020-08-13",1.07,"1",-39
"2020-08-13",1.07,"2",-46
"2020-08-13",1.07,"3",12
"2020-08-14",1.06,"4",-15
"2020-08-14",1.06,"5",3
"2020-08-14",1.06,"6",82
"2020-08-14",1.06,"1",-35
"2020-08-14",1.06,"2",-45
"2020-08-14",1.06,"3",11
"2020-08-15",1.04,"4",-48
"2020-08-15",1.04,"5",-57
"2020-08-15",1.04,"6",87
"2020-08-15",1.04,"1",-28
"2020-08-15",1.04,"2",-19
"2020-08-15",1.04,"3",6
"2020-08-16",1.02,"4",-17
"2020-08-16",1.02,"5",2
"2020-08-16",1.02,"6",68
"2020-08-16",1.02,"1",-21
"2020-08-16",1.02,"2",6
"2020-08-16",1.02,"3",1
"2020-08-17",1,"4",4
"2020-08-17",1,"5",3
"2020-08-17",1,"6",92
"2020-08-17",1,"1",-35
"2020-08-17",1,"2",-48
"2020-08-17",1,"3",10
"2020-08-18",0.99,"4",-2
"2020-08-18",0.99,"5",-4
"2020-08-18",0.99,"6",110
"2020-08-18",0.99,"1",-34
"2020-08-18",0.99,"2",-42
"2020-08-18",0.99,"3",9
"2020-08-19",0.98,"4",-9
"2020-08-19",0.98,"5",-12
"2020-08-19",0.98,"6",87
"2020-08-19",0.98,"1",-33
"2020-08-19",0.98,"2",-40
"2020-08-19",0.98,"3",8
"2020-08-20",0.98,"4",-10
"2020-08-20",0.98,"5",-9
"2020-08-20",0.98,"6",104
"2020-08-20",0.98,"1",-35
"2020-08-20",0.98,"2",-42
"2020-08-20",0.98,"3",9
"2020-08-21",0.97,"4",-16
"2020-08-21",0.97,"5",-10
"2020-08-21",0.97,"6",95
"2020-08-21",0.97,"1",-33
"2020-08-21",0.97,"2",-41
"2020-08-21",0.97,"3",10
"2020-08-22",0.96,"4",-22
"2020-08-22",0.96,"5",-16
"2020-08-22",0.96,"6",68
"2020-08-22",0.96,"1",-21
"2020-08-22",0.96,"2",-1
"2020-08-22",0.96,"3",4
"2020-08-23",0.95,"4",-19
"2020-08-23",0.95,"5",-10
"2020-08-23",0.95,"6",55
"2020-08-23",0.95,"1",-23
"2020-08-23",0.95,"2",6
"2020-08-23",0.95,"3",1
"2020-08-24",0.95,"4",-2
"2020-08-24",0.95,"5",-6
"2020-08-24",0.95,"6",69
"2020-08-24",0.95,"1",-34
"2020-08-24",0.95,"2",-41
"2020-08-24",0.95,"3",9
"2020-08-25",0.95,"4",-3
"2020-08-25",0.95,"5",-5
"2020-08-25",0.95,"6",64
"2020-08-25",0.95,"1",-33
"2020-08-25",0.95,"2",-40
"2020-08-25",0.95,"3",9
"2020-08-26",0.95,"4",-9
"2020-08-26",0.95,"5",-11
"2020-08-26",0.95,"6",46
"2020-08-26",0.95,"1",-33
"2020-08-26",0.95,"2",-37
"2020-08-26",0.95,"3",8
"2020-08-27",0.94,"4",-5
"2020-08-27",0.94,"5",-6
"2020-08-27",0.94,"6",75
"2020-08-27",0.94,"1",-31
"2020-08-27",0.94,"2",-38
"2020-08-27",0.94,"3",9
"2020-08-28",0.95,"4",-12
"2020-08-28",0.95,"5",-5
"2020-08-28",0.95,"6",48
"2020-08-28",0.95,"1",-30
"2020-08-28",0.95,"2",-37
"2020-08-28",0.95,"3",9
"2020-08-29",0.97,"4",-16
"2020-08-29",0.97,"5",-11
"2020-08-29",0.97,"6",38
"2020-08-29",0.97,"1",-18
"2020-08-29",0.97,"2",-1
"2020-08-29",0.97,"3",3
"2020-08-30",0.99,"4",-20
"2020-08-30",0.99,"5",-11
"2020-08-30",0.99,"6",19
"2020-08-30",0.99,"1",-23
"2020-08-30",0.99,"2",5
"2020-08-30",0.99,"3",2
"2020-08-31",1,"4",9
"2020-08-31",1,"5",2
"2020-08-31",1,"6",55
"2020-08-31",1,"1",-29
"2020-08-31",1,"2",-40
"2020-08-31",1,"3",9
"2020-09-01",1.02,"4",0
"2020-09-01",1.02,"5",2
"2020-09-01",1.02,"6",66
"2020-09-01",1.02,"1",-21
"2020-09-01",1.02,"2",-36
"2020-09-01",1.02,"3",7
"2020-09-02",1.05,"4",-4
"2020-09-02",1.05,"5",-4
"2020-09-02",1.05,"6",69
"2020-09-02",1.05,"1",-19
"2020-09-02",1.05,"2",-31
"2020-09-02",1.05,"3",5
"2020-09-03",1.08,"4",-12
"2020-09-03",1.08,"5",-4
"2020-09-03",1.08,"6",38
"2020-09-03",1.08,"1",-22
"2020-09-03",1.08,"2",-34
"2020-09-03",1.08,"3",6
"2020-09-04",1.11,"4",-13
"2020-09-04",1.11,"5",-4
"2020-09-04",1.11,"6",57
"2020-09-04",1.11,"1",-19
"2020-09-04",1.11,"2",-31
"2020-09-04",1.11,"3",6
"2020-09-05",1.14,"4",-14
"2020-09-05",1.14,"5",-9
"2020-09-05",1.14,"6",63
"2020-09-05",1.14,"1",-15
"2020-09-05",1.14,"2",-1
"2020-09-05",1.14,"3",3
"2020-09-06",1.17,"4",-8
"2020-09-06",1.17,"5",-3
"2020-09-06",1.17,"6",82
"2020-09-06",1.17,"1",-11
"2020-09-06",1.17,"2",6
"2020-09-06",1.17,"3",0
"2020-09-07",1.2,"4",-4
"2020-09-07",1.2,"5",-3
"2020-09-07",1.2,"6",70
"2020-09-07",1.2,"1",-18
"2020-09-07",1.2,"2",-35
"2020-09-07",1.2,"3",4
"2020-09-08",1.23,"4",-7
"2020-09-08",1.23,"5",-2
"2020-09-08",1.23,"6",66
"2020-09-08",1.23,"1",-18
"2020-09-08",1.23,"2",-34
"2020-09-08",1.23,"3",5
"2020-09-09",1.26,"4",-7
"2020-09-09",1.26,"5",-5
"2020-09-09",1.26,"6",65
"2020-09-09",1.26,"1",-17
"2020-09-09",1.26,"2",-30
"2020-09-09",1.26,"3",4
"2020-09-10",1.3,"4",-9
"2020-09-10",1.3,"5",-4
"2020-09-10",1.3,"6",75
"2020-09-10",1.3,"1",-17
"2020-09-10",1.3,"2",-31
"2020-09-10",1.3,"3",5
"2020-09-11",1.34,"4",-12
"2020-09-11",1.34,"5",-4
"2020-09-11",1.34,"6",84
"2020-09-11",1.34,"1",-15
"2020-09-11",1.34,"2",-30
"2020-09-11",1.34,"3",4
"2020-09-12",1.37,"4",-15
"2020-09-12",1.37,"5",-8
"2020-09-12",1.37,"6",90
"2020-09-12",1.37,"1",-9
"2020-09-12",1.37,"2",0
"2020-09-12",1.37,"3",1
"2020-09-13",1.39,"4",-5
"2020-09-13",1.39,"5",-2
"2020-09-13",1.39,"6",117
"2020-09-13",1.39,"1",-4
"2020-09-13",1.39,"2",7
"2020-09-13",1.39,"3",-2
"2020-09-14",1.41,"4",-4
"2020-09-14",1.41,"5",-4
"2020-09-14",1.41,"6",104
"2020-09-14",1.41,"1",-14
"2020-09-14",1.41,"2",-26
"2020-09-14",1.41,"3",3
"2020-09-15",1.42,"4",-7
"2020-09-15",1.42,"5",-3
"2020-09-15",1.42,"6",113
"2020-09-15",1.42,"1",-15
"2020-09-15",1.42,"2",-26
"2020-09-15",1.42,"3",4
"2020-09-16",1.44,"4",-8
"2020-09-16",1.44,"5",-7
"2020-09-16",1.44,"6",87
"2020-09-16",1.44,"1",-14
"2020-09-16",1.44,"2",-25
"2020-09-16",1.44,"3",4
"2020-09-17",1.46,"4",-11
"2020-09-17",1.46,"5",-6
"2020-09-17",1.46,"6",70
"2020-09-17",1.46,"1",-18
"2020-09-17",1.46,"2",-26
"2020-09-17",1.46,"3",5
"2020-09-18",1.44,"4",-14
"2020-09-18",1.44,"5",-5
"2020-09-18",1.44,"6",80
"2020-09-18",1.44,"1",-15
"2020-09-18",1.44,"2",-25
"2020-09-18",1.44,"3",4
"2020-09-19",1.43,"4",-16
"2020-09-19",1.43,"5",-10
"2020-09-19",1.43,"6",93
"2020-09-19",1.43,"1",-10
"2020-09-19",1.43,"2",-1
"2020-09-19",1.43,"3",1
"2020-09-20",1.43,"4",-7
"2020-09-20",1.43,"5",-4
"2020-09-20",1.43,"6",109
"2020-09-20",1.43,"1",2
"2020-09-20",1.43,"2",5
"2020-09-20",1.43,"3",-1
"2020-09-21",1.42,"4",-7
"2020-09-21",1.42,"5",-5
"2020-09-21",1.42,"6",80
"2020-09-21",1.42,"1",-15
"2020-09-21",1.42,"2",-26
"2020-09-21",1.42,"3",4
"2020-09-22",1.41,"4",-9
"2020-09-22",1.41,"5",-4
"2020-09-22",1.41,"6",81
"2020-09-22",1.41,"1",-14
"2020-09-22",1.41,"2",-25
"2020-09-22",1.41,"3",5
"2020-09-23",1.38,"4",-14
"2020-09-23",1.38,"5",-5
"2020-09-23",1.38,"6",37
"2020-09-23",1.38,"1",-16
"2020-09-23",1.38,"2",-22
"2020-09-23",1.38,"3",5
"2020-09-24",1.36,"4",-18
"2020-09-24",1.36,"5",-5
"2020-09-24",1.36,"6",19
"2020-09-24",1.36,"1",-19
"2020-09-24",1.36,"2",-23
"2020-09-24",1.36,"3",6
"2020-09-25",1.34,"4",-23
"2020-09-25",1.34,"5",-6
"2020-09-25",1.34,"6",2
"2020-09-25",1.34,"1",-19
"2020-09-25",1.34,"2",-23
"2020-09-25",1.34,"3",7
"2020-09-26",1.33,"4",-23
"2020-09-26",1.33,"5",-9
"2020-09-26",1.33,"6",-2
"2020-09-26",1.33,"1",-25
"2020-09-26",1.33,"2",-4
"2020-09-26",1.33,"3",5
"2020-09-27",1.33,"4",-26
"2020-09-27",1.33,"5",-13
"2020-09-27",1.33,"6",7
"2020-09-27",1.33,"1",-24
"2020-09-27",1.33,"2",1
"2020-09-27",1.33,"3",4
"2020-09-28",1.34,"4",-19
"2020-09-28",1.34,"5",-9
"2020-09-28",1.34,"6",-7
"2020-09-28",1.34,"1",-23
"2020-09-28",1.34,"2",-25
"2020-09-28",1.34,"3",7
"2020-09-29",1.36,"4",-10
"2020-09-29",1.36,"5",-1
"2020-09-29",1.36,"6",36
"2020-09-29",1.36,"1",-16
"2020-09-29",1.36,"2",-21
"2020-09-29",1.36,"3",5
"2020-09-30",1.37,"4",-10
"2020-09-30",1.37,"5",-3
"2020-09-30",1.37,"6",27
"2020-09-30",1.37,"1",-14
"2020-09-30",1.37,"2",-20
"2020-09-30",1.37,"3",5
"2020-10-01",1.4,"4",-17
"2020-10-01",1.4,"5",-2
"2020-10-01",1.4,"6",1
"2020-10-01",1.4,"1",-19
"2020-10-01",1.4,"2",-19
"2020-10-01",1.4,"3",6
"2020-10-02",1.44,"4",-17
"2020-10-02",1.44,"5",-1
"2020-10-02",1.44,"6",3
"2020-10-02",1.44,"1",-16
"2020-10-02",1.44,"2",-20
"2020-10-02",1.44,"3",7
"2020-10-03",1.47,"4",-15
"2020-10-03",1.47,"5",-3
"2020-10-03",1.47,"6",7
"2020-10-03",1.47,"1",-17
"2020-10-03",1.47,"2",-3
"2020-10-03",1.47,"3",4
"2020-10-04",1.49,"4",-17
"2020-10-04",1.49,"5",-11
"2020-10-04",1.49,"6",7
"2020-10-04",1.49,"1",-19
"2020-10-04",1.49,"2",2
"2020-10-04",1.49,"3",3
"2020-10-05",1.51,"4",-12
"2020-10-05",1.51,"5",-4
"2020-10-05",1.51,"6",9
"2020-10-05",1.51,"1",-18
"2020-10-05",1.51,"2",-24
"2020-10-05",1.51,"3",6
"2020-10-06",1.54,"4",-14
"2020-10-06",1.54,"5",-2
"2020-10-06",1.54,"6",16
"2020-10-06",1.54,"1",-17
"2020-10-06",1.54,"2",-20
"2020-10-06",1.54,"3",6
"2020-10-07",1.58,"4",-12
"2020-10-07",1.58,"5",-3
"2020-10-07",1.58,"6",18
"2020-10-07",1.58,"1",-16
"2020-10-07",1.58,"2",-18
"2020-10-07",1.58,"3",5
"2020-10-08",1.61,"4",-20
"2020-10-08",1.61,"5",-4
"2020-10-08",1.61,"6",-2
"2020-10-08",1.61,"1",-20
"2020-10-08",1.61,"2",-19
"2020-10-08",1.61,"3",7
"2020-10-09",1.63,"4",-20
"2020-10-09",1.63,"5",-2
"2020-10-09",1.63,"6",20
"2020-10-09",1.63,"1",-20
"2020-10-09",1.63,"2",-20
"2020-10-09",1.63,"3",7
"2020-10-10",1.65,"4",-19
"2020-10-10",1.65,"5",-7
"2020-10-10",1.65,"6",19
"2020-10-10",1.65,"1",-20
"2020-10-10",1.65,"2",-3
"2020-10-10",1.65,"3",5
"2020-10-11",1.64,"4",-26
"2020-10-11",1.64,"5",-11
"2020-10-11",1.64,"6",16
"2020-10-11",1.64,"1",-25
"2020-10-11",1.64,"2",0
"2020-10-11",1.64,"3",4
"2020-10-12",1.64,"4",-16
"2020-10-12",1.64,"5",-3
"2020-10-12",1.64,"6",17
"2020-10-12",1.64,"1",-20
"2020-10-12",1.64,"2",-21
"2020-10-12",1.64,"3",7
"2020-10-13",1.64,"4",-19
"2020-10-13",1.64,"5",-3
"2020-10-13",1.64,"6",8
"2020-10-13",1.64,"1",-22
"2020-10-13",1.64,"2",-21
"2020-10-13",1.64,"3",8
"2020-10-14",1.62,"4",-17
"2020-10-14",1.62,"5",-5
"2020-10-14",1.62,"6",13
"2020-10-14",1.62,"1",-19
"2020-10-14",1.62,"2",-19
"2020-10-14",1.62,"3",7
"2020-10-15",1.6,"4",-22
"2020-10-15",1.6,"5",-3
"2020-10-15",1.6,"6",8
"2020-10-15",1.6,"1",-21
"2020-10-15",1.6,"2",-20
"2020-10-15",1.6,"3",9
"2020-10-16",1.58,"4",-22
"2020-10-16",1.58,"5",-1
"2020-10-16",1.58,"6",13
"2020-10-16",1.58,"1",-19
"2020-10-16",1.58,"2",-20
"2020-10-16",1.58,"3",9
"2020-10-17",1.56,"4",-20
"2020-10-17",1.56,"5",-5
"2020-10-17",1.56,"6",30
"2020-10-17",1.56,"1",-18
"2020-10-17",1.56,"2",-4
"2020-10-17",1.56,"3",7
"2020-10-18",1.55,"4",-23
"2020-10-18",1.55,"5",-12
"2020-10-18",1.55,"6",24
"2020-10-18",1.55,"1",-22
"2020-10-18",1.55,"2",-1
"2020-10-18",1.55,"3",5
"2020-10-19",1.53,"4",-33
"2020-10-19",1.53,"5",-4
"2020-10-19",1.53,"6",20
"2020-10-19",1.53,"1",-24
"2020-10-19",1.53,"2",-25
"2020-10-19",1.53,"3",10
"2020-10-20",1.51,"4",-35
"2020-10-20",1.51,"5",-3
"2020-10-20",1.51,"6",3
"2020-10-20",1.51,"1",-28
"2020-10-20",1.51,"2",-26
"2020-10-20",1.51,"3",11
"2020-10-21",1.49,"4",-35
"2020-10-21",1.49,"5",-4
"2020-10-21",1.49,"6",5
"2020-10-21",1.49,"1",-26
"2020-10-21",1.49,"2",-25
"2020-10-21",1.49,"3",11
"2020-10-22",1.47,"4",-38
"2020-10-22",1.47,"5",-1
"2020-10-22",1.47,"6",7
"2020-10-22",1.47,"1",-27
"2020-10-22",1.47,"2",-26
"2020-10-22",1.47,"3",12
"2020-10-23",1.45,"4",-41
"2020-10-23",1.45,"5",2
"2020-10-23",1.45,"6",12
"2020-10-23",1.45,"1",-25
"2020-10-23",1.45,"2",-26
"2020-10-23",1.45,"3",13
"2020-10-24",1.42,"4",-42
"2020-10-24",1.42,"5",-5
"2020-10-24",1.42,"6",10
"2020-10-24",1.42,"1",-29
"2020-10-24",1.42,"2",-16
"2020-10-24",1.42,"3",11
"2020-10-25",1.38,"4",-51
"2020-10-25",1.38,"5",-10
"2020-10-25",1.38,"6",-1
"2020-10-25",1.38,"1",-34
"2020-10-25",1.38,"2",-16
"2020-10-25",1.38,"3",8
"2020-10-26",1.34,"4",-34
"2020-10-26",1.34,"5",-5
"2020-10-26",1.34,"6",5
"2020-10-26",1.34,"1",-31
"2020-10-26",1.34,"2",-29
"2020-10-26",1.34,"3",12
"2020-10-27",1.29,"4",-35
"2020-10-27",1.29,"5",-2
"2020-10-27",1.29,"6",0
"2020-10-27",1.29,"1",-32
"2020-10-27",1.29,"2",-29
"2020-10-27",1.29,"3",12
"2020-10-28",1.24,"4",-36
"2020-10-28",1.24,"5",-5
"2020-10-28",1.24,"6",-10
"2020-10-28",1.24,"1",-36
"2020-10-28",1.24,"2",-31
"2020-10-28",1.24,"3",13
"2020-10-29",1.19,"4",-37
"2020-10-29",1.19,"5",2
"2020-10-29",1.19,"6",-20
"2020-10-29",1.19,"1",-39
"2020-10-29",1.19,"2",-34
"2020-10-29",1.19,"3",15
"2020-10-30",1.12,"4",-35
"2020-10-30",1.12,"5",9
"2020-10-30",1.12,"6",-4
"2020-10-30",1.12,"1",-35
"2020-10-30",1.12,"2",-34
"2020-10-30",1.12,"3",15
"2020-10-31",1.05,"4",-35
"2020-10-31",1.05,"5",-2
"2020-10-31",1.05,"6",31
"2020-10-31",1.05,"1",-25
"2020-10-31",1.05,"2",-18
"2020-10-31",1.05,"3",11
"2020-11-01",0.99,"4",-52
"2020-11-01",0.99,"5",-16
"2020-11-01",0.99,"6",-7
"2020-11-01",0.99,"1",-39
"2020-11-01",0.99,"2",-22
"2020-11-01",0.99,"3",9
"2020-11-02",0.93,"4",-57
"2020-11-02",0.93,"5",-19
"2020-11-02",0.93,"6",7
"2020-11-02",0.93,"1",-58
"2020-11-02",0.93,"2",-62
"2020-11-02",0.93,"3",22
"2020-11-03",0.87,"4",-52
"2020-11-03",0.87,"5",-9
"2020-11-03",0.87,"6",41
"2020-11-03",0.87,"1",-53
"2020-11-03",0.87,"2",-53
"2020-11-03",0.87,"3",19
"2020-11-04",0.83,"4",-53
"2020-11-04",0.83,"5",-15
"2020-11-04",0.83,"6",53
"2020-11-04",0.83,"1",-49
"2020-11-04",0.83,"2",-50
"2020-11-04",0.83,"3",17
"2020-11-05",0.78,"4",-52
"2020-11-05",0.78,"5",-7
"2020-11-05",0.78,"6",53
"2020-11-05",0.78,"1",-51
"2020-11-05",0.78,"2",-52
"2020-11-05",0.78,"3",20
"2020-11-06",0.74,"4",-56
"2020-11-06",0.74,"5",-6
"2020-11-06",0.74,"6",51
"2020-11-06",0.74,"1",-50
"2020-11-06",0.74,"2",-52
"2020-11-06",0.74,"3",21
"2020-11-07",0.71,"4",-59
"2020-11-07",0.71,"5",-15
"2020-11-07",0.71,"6",76
"2020-11-07",0.71,"1",-38
"2020-11-07",0.71,"2",-25
"2020-11-07",0.71,"3",13
"2020-11-08",0.69,"4",-56
"2020-11-08",0.69,"5",-17
"2020-11-08",0.69,"6",58
"2020-11-08",0.69,"1",-37
"2020-11-08",0.69,"2",-22
"2020-11-08",0.69,"3",9
"2020-11-09",0.68,"4",-47
"2020-11-09",0.68,"5",-11
"2020-11-09",0.68,"6",43
"2020-11-09",0.68,"1",-50
"2020-11-09",0.68,"2",-49
"2020-11-09",0.68,"3",17
"2020-11-10",0.66,"4",-47
"2020-11-10",0.66,"5",4
"2020-11-10",0.66,"6",18
"2020-11-10",0.66,"1",-51
"2020-11-10",0.66,"2",-50
"2020-11-10",0.66,"3",18
"2020-11-11",0.64,"4",-67
"2020-11-11",0.64,"5",-58
"2020-11-11",0.64,"6",87
"2020-11-11",0.64,"1",-59
"2020-11-11",0.64,"2",-79
"2020-11-11",0.64,"3",25
"2020-11-12",0.63,"4",-50
"2020-11-12",0.63,"5",5
"2020-11-12",0.63,"6",17
"2020-11-12",0.63,"1",-50
"2020-11-12",0.63,"2",-48
"2020-11-12",0.63,"3",19
"2020-11-13",0.63,"4",-56
"2020-11-13",0.63,"5",-3
"2020-11-13",0.63,"6",2
"2020-11-13",0.63,"1",-50
"2020-11-13",0.63,"2",-47
"2020-11-13",0.63,"3",21
"2020-11-14",0.63,"4",-57
"2020-11-14",0.63,"5",-10
"2020-11-14",0.63,"6",47
"2020-11-14",0.63,"1",-38
"2020-11-14",0.63,"2",-22
"2020-11-14",0.63,"3",13
"2020-11-15",0.63,"4",-65
"2020-11-15",0.63,"5",-20
"2020-11-15",0.63,"6",-27
"2020-11-15",0.63,"1",-50
"2020-11-15",0.63,"2",-23
"2020-11-15",0.63,"3",11
"2020-11-16",0.63,"4",-50
"2020-11-16",0.63,"5",-11
"2020-11-16",0.63,"6",-11
"2020-11-16",0.63,"1",-41
"2020-11-16",0.63,"2",-32
"2020-11-16",0.63,"3",14
"2020-11-17",0.63,"4",-49
"2020-11-17",0.63,"5",-7
"2020-11-17",0.63,"6",3
"2020-11-17",0.63,"1",-40
"2020-11-17",0.63,"2",-32
"2020-11-17",0.63,"3",14
"2020-11-18",0.62,"4",-47
"2020-11-18",0.62,"5",-10
"2020-11-18",0.62,"6",47
"2020-11-18",0.62,"1",-35
"2020-11-18",0.62,"2",-31
"2020-11-18",0.62,"3",13
"2020-11-19",0.62,"4",-54
"2020-11-19",0.62,"5",-9
"2020-11-19",0.62,"6",-21
"2020-11-19",0.62,"1",-42
"2020-11-19",0.62,"2",-32
"2020-11-19",0.62,"3",16
"2020-11-20",0.62,"4",-54
"2020-11-20",0.62,"5",-3
"2020-11-20",0.62,"6",1
"2020-11-20",0.62,"1",-39
"2020-11-20",0.62,"2",-31
"2020-11-20",0.62,"3",17
"2020-11-21",0.62,"4",-58
"2020-11-21",0.62,"5",-11
"2020-11-21",0.62,"6",13
"2020-11-21",0.62,"1",-41
"2020-11-21",0.62,"2",-20
"2020-11-21",0.62,"3",13
"2020-11-22",0.63,"4",-63
"2020-11-22",0.63,"5",-18
"2020-11-22",0.63,"6",-11
"2020-11-22",0.63,"1",-45
"2020-11-22",0.63,"2",-21
"2020-11-22",0.63,"3",10
"2020-11-23",0.64,"4",-48
"2020-11-23",0.64,"5",-11
"2020-11-23",0.64,"6",8
"2020-11-23",0.64,"1",-39
"2020-11-23",0.64,"2",-31
"2020-11-23",0.64,"3",13
"2020-11-24",0.65,"4",-47
"2020-11-24",0.65,"5",-5
"2020-11-24",0.65,"6",19
"2020-11-24",0.65,"1",-38
"2020-11-24",0.65,"2",-31
"2020-11-24",0.65,"3",14
"2020-11-25",0.67,"4",-48
"2020-11-25",0.67,"5",-9
"2020-11-25",0.67,"6",15
"2020-11-25",0.67,"1",-37
"2020-11-25",0.67,"2",-30
"2020-11-25",0.67,"3",13
"2020-11-26",0.69,"4",-51
"2020-11-26",0.69,"5",-5
"2020-11-26",0.69,"6",2
"2020-11-26",0.69,"1",-39
"2020-11-26",0.69,"2",-30
"2020-11-26",0.69,"3",15
"2020-11-27",0.71,"4",-52
"2020-11-27",0.71,"5",-1
"2020-11-27",0.71,"6",-1
"2020-11-27",0.71,"1",-38
"2020-11-27",0.71,"2",-30
"2020-11-27",0.71,"3",16
"2020-11-28",0.73,"4",-54
"2020-11-28",0.73,"5",-9
"2020-11-28",0.73,"6",45
"2020-11-28",0.73,"1",-33
"2020-11-28",0.73,"2",-18
"2020-11-28",0.73,"3",12
"2020-11-29",0.74,"4",-59
"2020-11-29",0.74,"5",-15
"2020-11-29",0.74,"6",10
"2020-11-29",0.74,"1",-39
"2020-11-29",0.74,"2",-18
"2020-11-29",0.74,"3",9
"2020-11-30",0.75,"4",-48
"2020-11-30",0.75,"5",-11
"2020-11-30",0.75,"6",-17
"2020-11-30",0.75,"1",-41
"2020-11-30",0.75,"2",-30
"2020-11-30",0.75,"3",14
"2020-12-01",0.77,"4",-34
"2020-12-01",0.77,"5",1
"2020-12-01",0.77,"6",-9
"2020-12-01",0.77,"1",-36
"2020-12-01",0.77,"2",-29
"2020-12-01",0.77,"3",13
"2020-12-02",0.78,"4",-33
"2020-12-02",0.78,"5",-1
"2020-12-02",0.78,"6",-1
"2020-12-02",0.78,"1",-34
"2020-12-02",0.78,"2",-27
"2020-12-02",0.78,"3",12
"2020-12-03",0.8,"4",-39
"2020-12-03",0.8,"5",1
"2020-12-03",0.8,"6",-21
"2020-12-03",0.8,"1",-37
"2020-12-03",0.8,"2",-28
"2020-12-03",0.8,"3",15
"2020-12-04",0.82,"4",-39
"2020-12-04",0.82,"5",6
"2020-12-04",0.82,"6",-10
"2020-12-04",0.82,"1",-33
"2020-12-04",0.82,"2",-27
"2020-12-04",0.82,"3",15
"2020-12-05",0.83,"4",-42
"2020-12-05",0.83,"5",-3
"2020-12-05",0.83,"6",1
"2020-12-05",0.83,"1",-32
"2020-12-05",0.83,"2",-14
"2020-12-05",0.83,"3",11
"2020-12-06",0.84,"4",-52
"2020-12-06",0.84,"5",-11
"2020-12-06",0.84,"6",2
"2020-12-06",0.84,"1",-37
"2020-12-06",0.84,"2",-15
"2020-12-06",0.84,"3",8
"2020-12-07",0.86,"4",-33
"2020-12-07",0.86,"5",-5
"2020-12-07",0.86,"6",-13
"2020-12-07",0.86,"1",-35
"2020-12-07",0.86,"2",-29
"2020-12-07",0.86,"3",13
"2020-12-08",0.88,"4",-33
"2020-12-08",0.88,"5",0
"2020-12-08",0.88,"6",7
"2020-12-08",0.88,"1",-34
"2020-12-08",0.88,"2",-27
"2020-12-08",0.88,"3",13
"2020-12-09",0.9,"4",-36
"2020-12-09",0.9,"5",-6
"2020-12-09",0.9,"6",-7
"2020-12-09",0.9,"1",-35
"2020-12-09",0.9,"2",-26
"2020-12-09",0.9,"3",12
"2020-12-10",0.92,"4",-39
"2020-12-10",0.92,"5",-1
"2020-12-10",0.92,"6",-1
"2020-12-10",0.92,"1",-35
"2020-12-10",0.92,"2",-28
"2020-12-10",0.92,"3",14
"2020-12-11",0.94,"4",-44
"2020-12-11",0.94,"5",-1
"2020-12-11",0.94,"6",-26
"2020-12-11",0.94,"1",-35
"2020-12-11",0.94,"2",-28
"2020-12-11",0.94,"3",16
"2020-12-12",0.99,"4",-44
"2020-12-12",0.99,"5",-4
"2020-12-12",0.99,"6",-14
"2020-12-12",0.99,"1",-34
"2020-12-12",0.99,"2",-14
"2020-12-12",0.99,"3",12
"2020-12-13",1.03,"4",-47
"2020-12-13",1.03,"5",-8
"2020-12-13",1.03,"6",16
"2020-12-13",1.03,"1",-33
"2020-12-13",1.03,"2",-14
"2020-12-13",1.03,"3",8
"2020-12-14",1.03,"4",-31
"2020-12-14",1.03,"5",-3
"2020-12-14",1.03,"6",-6
"2020-12-14",1.03,"1",-35
"2020-12-14",1.03,"2",-29
"2020-12-14",1.03,"3",13
"2020-12-15",1.02,"4",-30
"2020-12-15",1.02,"5",3
"2020-12-15",1.02,"6",1
"2020-12-15",1.02,"1",-35
"2020-12-15",1.02,"2",-31
"2020-12-15",1.02,"3",13
"2020-12-16",1.01,"4",-31
"2020-12-16",1.01,"5",0
"2020-12-16",1.01,"6",12
"2020-12-16",1.01,"1",-34
"2020-12-16",1.01,"2",-32
"2020-12-16",1.01,"3",12
"2020-12-17",1,"4",-33
"2020-12-17",1,"5",5
"2020-12-17",1,"6",3
"2020-12-17",1,"1",-36
"2020-12-17",1,"2",-33
"2020-12-17",1,"3",14
"2020-12-18",0.99,"4",-37
"2020-12-18",0.99,"5",6
"2020-12-18",0.99,"6",11
"2020-12-18",0.99,"1",-33
"2020-12-18",0.99,"2",-32
"2020-12-18",0.99,"3",15
"2020-12-19",0.97,"4",-43
"2020-12-19",0.97,"5",-3
"2020-12-19",0.97,"6",-4
"2020-12-19",0.97,"1",-32
"2020-12-19",0.97,"2",-14
"2020-12-19",0.97,"3",12
"2020-12-20",0.95,"4",-39
"2020-12-20",0.95,"5",6
"2020-12-20",0.95,"6",32
"2020-12-20",0.95,"1",-27
"2020-12-20",0.95,"2",-11
"2020-12-20",0.95,"3",8
"2020-12-21",0.93,"4",-24
"2020-12-21",0.93,"5",6
"2020-12-21",0.93,"6",-22
"2020-12-21",0.93,"1",-49
"2020-12-21",0.93,"2",-53
"2020-12-21",0.93,"3",18
"2020-12-22",0.92,"4",-19
"2020-12-22",0.92,"5",23
"2020-12-22",0.92,"6",15
"2020-12-22",0.92,"1",-45
"2020-12-22",0.92,"2",-53
"2020-12-22",0.92,"3",17
"2020-12-23",0.9,"4",-24
"2020-12-23",0.9,"5",27
"2020-12-23",0.9,"6",-13
"2020-12-23",0.9,"1",-46
"2020-12-23",0.9,"2",-53
"2020-12-23",0.9,"3",16
"2020-12-24",0.88,"4",-34
"2020-12-24",0.88,"5",22
"2020-12-24",0.88,"6",-29
"2020-12-24",0.88,"1",-54
"2020-12-24",0.88,"2",-64
"2020-12-24",0.88,"3",20
"2020-12-25",0.87,"4",-81
"2020-12-25",0.87,"5",-81
"2020-12-25",0.87,"6",7
"2020-12-25",0.87,"1",-71
"2020-12-25",0.87,"2",-84
"2020-12-25",0.87,"3",28
"2020-12-26",0.85,"4",-55
"2020-12-26",0.85,"5",-17
"2020-12-26",0.85,"6",-1
"2020-12-26",0.85,"1",-42
"2020-12-26",0.85,"2",-26
"2020-12-26",0.85,"3",14
"2020-12-27",0.85,"4",-67
"2020-12-27",0.85,"5",-28
"2020-12-27",0.85,"6",-56
"2020-12-27",0.85,"1",-56
"2020-12-27",0.85,"2",-23
"2020-12-27",0.85,"3",12
"2020-12-28",0.87,"4",-24
"2020-12-28",0.87,"5",9
"2020-12-28",0.87,"6",30
"2020-12-28",0.87,"1",-49
"2020-12-28",0.87,"2",-63
"2020-12-28",0.87,"3",20
"2020-12-29",0.88,"4",-24
"2020-12-29",0.88,"5",17
"2020-12-29",0.88,"6",45
"2020-12-29",0.88,"1",-48
"2020-12-29",0.88,"2",-62
"2020-12-29",0.88,"3",20
"2020-12-30",0.89,"4",-26
"2020-12-30",0.89,"5",25
"2020-12-30",0.89,"6",37
"2020-12-30",0.89,"1",-45
"2020-12-30",0.89,"2",-60
"2020-12-30",0.89,"3",17
"2020-12-31",0.9,"4",-36
"2020-12-31",0.9,"5",28
"2020-12-31",0.9,"6",1
"2020-12-31",0.9,"1",-54
"2020-12-31",0.9,"2",-67
"2020-12-31",0.9,"3",21
"2021-01-01",0.91,"4",-82
"2021-01-01",0.91,"5",-83
"2021-01-01",0.91,"6",9
"2021-01-01",0.91,"1",-71
"2021-01-01",0.91,"2",-83
"2021-01-01",0.91,"3",28
"2021-01-02",0.92,"4",-53
"2021-01-02",0.92,"5",-15
"2021-01-02",0.92,"6",7
"2021-01-02",0.92,"1",-40
"2021-01-02",0.92,"2",-23
"2021-01-02",0.92,"3",14
"2021-01-03",0.94,"4",-58
"2021-01-03",0.94,"5",-17
"2021-01-03",0.94,"6",-1
"2021-01-03",0.94,"1",-43
"2021-01-03",0.94,"2",-14
"2021-01-03",0.94,"3",10
"2021-01-04",0.97,"4",-36
"2021-01-04",0.97,"5",0
"2021-01-04",0.97,"6",-26
"2021-01-04",0.97,"1",-40
"2021-01-04",0.97,"2",-30
"2021-01-04",0.97,"3",14
"2021-01-05",1.01,"4",-37
"2021-01-05",1.01,"5",0
"2021-01-05",1.01,"6",-11
"2021-01-05",1.01,"1",-39
"2021-01-05",1.01,"2",-30
"2021-01-05",1.01,"3",14
"2021-01-06",1.03,"4",-36
"2021-01-06",1.03,"5",-3
"2021-01-06",1.03,"6",-14
"2021-01-06",1.03,"1",-39
"2021-01-06",1.03,"2",-28
"2021-01-06",1.03,"3",13
"2021-01-07",1.05,"4",-44
"2021-01-07",1.05,"5",-7
"2021-01-07",1.05,"6",-26
"2021-01-07",1.05,"1",-41
"2021-01-07",1.05,"2",-29
"2021-01-07",1.05,"3",15
"2021-01-08",1.05,"4",-46
"2021-01-08",1.05,"5",-4
"2021-01-08",1.05,"6",-22
"2021-01-08",1.05,"1",-39
"2021-01-08",1.05,"2",-27
"2021-01-08",1.05,"3",16
"2021-01-09",1.05,"4",-43
"2021-01-09",1.05,"5",-5
"2021-01-09",1.05,"6",6
"2021-01-09",1.05,"1",-34
"2021-01-09",1.05,"2",-11
"2021-01-09",1.05,"3",12
"2021-01-10",1.05,"4",-51
"2021-01-10",1.05,"5",-14
"2021-01-10",1.05,"6",25
"2021-01-10",1.05,"1",-35
"2021-01-10",1.05,"2",-11
"2021-01-10",1.05,"3",8
"2021-01-11",1.05,"4",-36
"2021-01-11",1.05,"5",-7
"2021-01-11",1.05,"6",-16
"2021-01-11",1.05,"1",-38
"2021-01-11",1.05,"2",-28
"2021-01-11",1.05,"3",13
"2021-01-12",1.05,"4",-40
"2021-01-12",1.05,"5",-6
"2021-01-12",1.05,"6",-13
"2021-01-12",1.05,"1",-39
"2021-01-12",1.05,"2",-29
"2021-01-12",1.05,"3",13
"2021-01-13",1.05,"4",-41
"2021-01-13",1.05,"5",-8
"2021-01-13",1.05,"6",-10
"2021-01-13",1.05,"1",-38
"2021-01-13",1.05,"2",-28
"2021-01-13",1.05,"3",12
"2021-01-14",1.05,"4",-50
"2021-01-14",1.05,"5",-12
"2021-01-14",1.05,"6",-27
"2021-01-14",1.05,"1",-42
"2021-01-14",1.05,"2",-31
"2021-01-14",1.05,"3",14
"2021-01-15",1.04,"4",-49
"2021-01-15",1.04,"5",-6
"2021-01-15",1.04,"6",-16
"2021-01-15",1.04,"1",-39
"2021-01-15",1.04,"2",-29
"2021-01-15",1.04,"3",14
"2021-01-16",1.04,"4",-51
"2021-01-16",1.04,"5",-13
"2021-01-16",1.04,"6",-6
"2021-01-16",1.04,"1",-40
"2021-01-16",1.04,"2",-16
"2021-01-16",1.04,"3",12
"2021-01-17",1.04,"4",-58
"2021-01-17",1.04,"5",-19
"2021-01-17",1.04,"6",2
"2021-01-17",1.04,"1",-43
"2021-01-17",1.04,"2",-15
"2021-01-17",1.04,"3",8
"2021-01-18",1.04,"4",-40
"2021-01-18",1.04,"5",-10
"2021-01-18",1.04,"6",-10
"2021-01-18",1.04,"1",-39
"2021-01-18",1.04,"2",-30
"2021-01-18",1.04,"3",12
"2021-01-19",1.04,"4",-45
"2021-01-19",1.04,"5",-11
"2021-01-19",1.04,"6",-22
"2021-01-19",1.04,"1",-41
"2021-01-19",1.04,"2",-31
"2021-01-19",1.04,"3",13
"2021-01-20",1.05,"4",-41
"2021-01-20",1.05,"5",-8
"2021-01-20",1.05,"6",-3
"2021-01-20",1.05,"1",-37
"2021-01-20",1.05,"2",-29
"2021-01-20",1.05,"3",12
"2021-01-21",1.05,"4",-47
"2021-01-21",1.05,"5",-10
"2021-01-21",1.05,"6",-17
"2021-01-21",1.05,"1",-40
"2021-01-21",1.05,"2",-30
"2021-01-21",1.05,"3",14
"2021-01-22",1.06,"4",-47
"2021-01-22",1.06,"5",-3
"2021-01-22",1.06,"6",0
"2021-01-22",1.06,"1",-36
"2021-01-22",1.06,"2",-28
"2021-01-22",1.06,"3",14
"2021-01-23",1.06,"4",-46
"2021-01-23",1.06,"5",-7
"2021-01-23",1.06,"6",-5
"2021-01-23",1.06,"1",-35
"2021-01-23",1.06,"2",-12
"2021-01-23",1.06,"3",11
"2021-01-24",1.06,"4",-56
"2021-01-24",1.06,"5",-17
"2021-01-24",1.06,"6",14
"2021-01-24",1.06,"1",-39
"2021-01-24",1.06,"2",-14
"2021-01-24",1.06,"3",8
"2021-01-25",1.06,"4",-39
"2021-01-25",1.06,"5",-8
"2021-01-25",1.06,"6",-1
"2021-01-25",1.06,"1",-38
"2021-01-25",1.06,"2",-31
"2021-01-25",1.06,"3",12
"2021-01-26",1.06,"4",-39
"2021-01-26",1.06,"5",-5
"2021-01-26",1.06,"6",9
"2021-01-26",1.06,"1",-37
"2021-01-26",1.06,"2",-30
"2021-01-26",1.06,"3",12
"2021-01-27",1.06,"4",-43
"2021-01-27",1.06,"5",-9
"2021-01-27",1.06,"6",-14
"2021-01-27",1.06,"1",-38
"2021-01-27",1.06,"2",-29
"2021-01-27",1.06,"3",12
"2021-01-28",1.06,"4",-46
"2021-01-28",1.06,"5",-5
"2021-01-28",1.06,"6",-25
"2021-01-28",1.06,"1",-40
"2021-01-28",1.06,"2",-31
"2021-01-28",1.06,"3",14
"2021-01-29",1.06,"4",-45
"2021-01-29",1.06,"5",0
"2021-01-29",1.06,"6",-13
"2021-01-29",1.06,"1",-37
"2021-01-29",1.06,"2",-30
"2021-01-29",1.06,"3",15
"2021-01-30",1.06,"4",-47
"2021-01-30",1.06,"5",-7
"2021-01-30",1.06,"6",-35
"2021-01-30",1.06,"1",-39
"2021-01-30",1.06,"2",-14
"2021-01-30",1.06,"3",12
"2021-01-31",1.05,"4",-52
"2021-01-31",1.05,"5",-15
"2021-01-31",1.05,"6",16
"2021-01-31",1.05,"1",-34
"2021-01-31",1.05,"2",-12
"2021-01-31",1.05,"3",8
"2021-02-01",1.03,"4",-39
"2021-02-01",1.03,"5",-6
"2021-02-01",1.03,"6",-11
"2021-02-01",1.03,"1",-37
"2021-02-01",1.03,"2",-30
"2021-02-01",1.03,"3",12
"2021-02-02",1.02,"4",-40
"2021-02-02",1.02,"5",-2
"2021-02-02",1.02,"6",-9
"2021-02-02",1.02,"1",-37
"2021-02-02",1.02,"2",-30
"2021-02-02",1.02,"3",12
"2021-02-03",1.01,"4",-42
"2021-02-03",1.01,"5",-9
"2021-02-03",1.01,"6",-21
"2021-02-03",1.01,"1",-39
"2021-02-03",1.01,"2",-29
"2021-02-03",1.01,"3",13
"2021-02-04",1,"4",-42
"2021-02-04",1,"5",-2
"2021-02-04",1,"6",10
"2021-02-04",1,"1",-35
"2021-02-04",1,"2",-29
"2021-02-04",1,"3",13
"2021-02-05",0.99,"4",-43
"2021-02-05",0.99,"5",3
"2021-02-05",0.99,"6",6
"2021-02-05",0.99,"1",-34
"2021-02-05",0.99,"2",-27
"2021-02-05",0.99,"3",14
"2021-02-06",0.98,"4",-43
"2021-02-06",0.98,"5",-1
"2021-02-06",0.98,"6",-12
"2021-02-06",0.98,"1",-35
"2021-02-06",0.98,"2",-11
"2021-02-06",0.98,"3",11
"2021-02-07",0.97,"4",-60
"2021-02-07",0.97,"5",-20
"2021-02-07",0.97,"6",-4
"2021-02-07",0.97,"1",-43
"2021-02-07",0.97,"2",-17
"2021-02-07",0.97,"3",9
"2021-02-08",0.97,"4",-43
"2021-02-08",0.97,"5",-12
"2021-02-08",0.97,"6",-14
"2021-02-08",0.97,"1",-41
"2021-02-08",0.97,"2",-38
"2021-02-08",0.97,"3",15
"2021-02-09",0.96,"4",-41
"2021-02-09",0.96,"5",-3
"2021-02-09",0.96,"6",6
"2021-02-09",0.96,"1",-40
"2021-02-09",0.96,"2",-37
"2021-02-09",0.96,"3",16
"2021-02-10",0.96,"4",-40
"2021-02-10",0.96,"5",-4
"2021-02-10",0.96,"6",-6
"2021-02-10",0.96,"1",-41
"2021-02-10",0.96,"2",-34
"2021-02-10",0.96,"3",14
"2021-02-11",0.96,"4",-42
"2021-02-11",0.96,"5",1
"2021-02-11",0.96,"6",0
"2021-02-11",0.96,"1",-41
"2021-02-11",0.96,"2",-35
"2021-02-11",0.96,"3",16
"2021-02-12",0.96,"4",-44
"2021-02-12",0.96,"5",2
"2021-02-12",0.96,"6",-5
"2021-02-12",0.96,"1",-40
"2021-02-12",0.96,"2",-34
"2021-02-12",0.96,"3",16
"2021-02-13",0.97,"4",-37
"2021-02-13",0.97,"5",1
"2021-02-13",0.97,"6",26
"2021-02-13",0.97,"1",-32
"2021-02-13",0.97,"2",-13
"2021-02-13",0.97,"3",10
"2021-02-14",0.99,"4",-43
"2021-02-14",0.99,"5",-4
"2021-02-14",0.99,"6",43
"2021-02-14",0.99,"1",-32
"2021-02-14",0.99,"2",-9
"2021-02-14",0.99,"3",7
"2021-02-15",1.01,"4",-33
"2021-02-15",1.01,"5",-6
"2021-02-15",1.01,"6",-7
"2021-02-15",1.01,"1",-45
"2021-02-15",1.01,"2",-45
"2021-02-15",1.01,"3",15
"2021-02-16",1.03,"4",-29
"2021-02-16",1.03,"5",2
"2021-02-16",1.03,"6",39
"2021-02-16",1.03,"1",-40
"2021-02-16",1.03,"2",-44
"2021-02-16",1.03,"3",14
"2021-02-17",1.04,"4",-32
"2021-02-17",1.04,"5",-3
"2021-02-17",1.04,"6",36
"2021-02-17",1.04,"1",-38
"2021-02-17",1.04,"2",-40
"2021-02-17",1.04,"3",12
"2021-02-18",1.06,"4",-37
"2021-02-18",1.06,"5",-1
"2021-02-18",1.06,"6",2
"2021-02-18",1.06,"1",-43
"2021-02-18",1.06,"2",-43
"2021-02-18",1.06,"3",16
"2021-02-19",1.08,"4",-38
"2021-02-19",1.08,"5",6
"2021-02-19",1.08,"6",43
"2021-02-19",1.08,"1",-37
"2021-02-19",1.08,"2",-42
"2021-02-19",1.08,"3",16
"2021-02-20",1.09,"4",-37
"2021-02-20",1.09,"5",1
"2021-02-20",1.09,"6",92
"2021-02-20",1.09,"1",-19
"2021-02-20",1.09,"2",-10
"2021-02-20",1.09,"3",8
"2021-02-21",1.08,"4",-38
"2021-02-21",1.08,"5",9
"2021-02-21",1.08,"6",126
"2021-02-21",1.08,"1",-12
"2021-02-21",1.08,"2",-5
"2021-02-21",1.08,"3",3
"2021-02-22",1.08,"4",-32
"2021-02-22",1.08,"5",0
"2021-02-22",1.08,"6",27
"2021-02-22",1.08,"1",-32
"2021-02-22",1.08,"2",-26
"2021-02-22",1.08,"3",11
"2021-02-23",1.08,"4",-30
"2021-02-23",1.08,"5",5
"2021-02-23",1.08,"6",55
"2021-02-23",1.08,"1",-29
"2021-02-23",1.08,"2",-26
"2021-02-23",1.08,"3",11
"2021-02-24",1.08,"4",-27
"2021-02-24",1.08,"5",4
"2021-02-24",1.08,"6",92
"2021-02-24",1.08,"1",-24
"2021-02-24",1.08,"2",-24
"2021-02-24",1.08,"3",9
"2021-02-25",1.07,"4",-35
"2021-02-25",1.07,"5",5
"2021-02-25",1.07,"6",26
"2021-02-25",1.07,"1",-30
"2021-02-25",1.07,"2",-25
"2021-02-25",1.07,"3",12
"2021-02-26",1.07,"4",-37
"2021-02-26",1.07,"5",10
"2021-02-26",1.07,"6",27
"2021-02-26",1.07,"1",-28
"2021-02-26",1.07,"2",-23
"2021-02-26",1.07,"3",12
"2021-02-27",1.06,"4",-37
"2021-02-27",1.06,"5",4
"2021-02-27",1.06,"6",27
"2021-02-27",1.06,"1",-26
"2021-02-27",1.06,"2",-7
"2021-02-27",1.06,"3",9
"2021-02-28",1.06,"4",-40
"2021-02-28",1.06,"5",6
"2021-02-28",1.06,"6",81
"2021-02-28",1.06,"1",-18
"2021-02-28",1.06,"2",-4
"2021-02-28",1.06,"3",5
"2021-03-01",1.06,"4",-30
"2021-03-01",1.06,"5",4
"2021-03-01",1.06,"6",25
"2021-03-01",1.06,"1",-31
"2021-03-01",1.06,"2",-25
"2021-03-01",1.06,"3",10
"2021-03-02",1.06,"4",-28
"2021-03-02",1.06,"5",7
"2021-03-02",1.06,"6",63
"2021-03-02",1.06,"1",-28
"2021-03-02",1.06,"2",-25
"2021-03-02",1.06,"3",10
"2021-03-03",1.06,"4",-27
"2021-03-03",1.06,"5",5
"2021-03-03",1.06,"6",56
"2021-03-03",1.06,"1",-26
"2021-03-03",1.06,"2",-24
"2021-03-03",1.06,"3",9
"2021-03-04",1.07,"4",-40
"2021-03-04",1.07,"5",2
"2021-03-04",1.07,"6",-20
"2021-03-04",1.07,"1",-36
"2021-03-04",1.07,"2",-26
"2021-03-04",1.07,"3",13
"2021-03-05",1.07,"4",-37
"2021-03-05",1.07,"5",11
"2021-03-05",1.07,"6",19
"2021-03-05",1.07,"1",-28
"2021-03-05",1.07,"2",-23
"2021-03-05",1.07,"3",12
"2021-03-06",1.09,"4",-34
"2021-03-06",1.09,"5",6
"2021-03-06",1.09,"6",41
"2021-03-06",1.09,"1",-25
"2021-03-06",1.09,"2",-7
"2021-03-06",1.09,"3",9
"2021-03-07",1.09,"4",-41
"2021-03-07",1.09,"5",5
"2021-03-07",1.09,"6",53
"2021-03-07",1.09,"1",-24
"2021-03-07",1.09,"2",-4
"2021-03-07",1.09,"3",6
"2021-03-08",1.11,"4",-28
"2021-03-08",1.11,"5",5
"2021-03-08",1.11,"6",26
"2021-03-08",1.11,"1",-31
"2021-03-08",1.11,"2",-26
"2021-03-08",1.11,"3",11
"2021-03-09",1.13,"4",-33
"2021-03-09",1.13,"5",4
"2021-03-09",1.13,"6",3
"2021-03-09",1.13,"1",-33
"2021-03-09",1.13,"2",-26
"2021-03-09",1.13,"3",12
"2021-03-10",1.15,"4",-32
"2021-03-10",1.15,"5",3
"2021-03-10",1.15,"6",4
"2021-03-10",1.15,"1",-32
"2021-03-10",1.15,"2",-24
"2021-03-10",1.15,"3",11
"2021-03-11",1.17,"4",-39
"2021-03-11",1.17,"5",2
"2021-03-11",1.17,"6",-14
"2021-03-11",1.17,"1",-34
"2021-03-11",1.17,"2",-25
"2021-03-11",1.17,"3",13
"2021-03-12",1.18,"4",-42
"2021-03-12",1.18,"5",7
"2021-03-12",1.18,"6",-8
"2021-03-12",1.18,"1",-32
"2021-03-12",1.18,"2",-24
"2021-03-12",1.18,"3",14
"2021-03-13",1.2,"4",-40
"2021-03-13",1.2,"5",3
"2021-03-13",1.2,"6",-20
"2021-03-13",1.2,"1",-35
"2021-03-13",1.2,"2",-9
"2021-03-13",1.2,"3",11
"2021-03-14",1.2,"4",-48
"2021-03-14",1.2,"5",-3
"2021-03-14",1.2,"6",3
"2021-03-14",1.2,"1",-34
"2021-03-14",1.2,"2",-6
"2021-03-14",1.2,"3",8
"2021-03-15",1.22,"4",-33
"2021-03-15",1.22,"5",1
"2021-03-15",1.22,"6",3
"2021-03-15",1.22,"1",-33
"2021-03-15",1.22,"2",-26
"2021-03-15",1.22,"3",11
"2021-03-16",1.23,"4",-36
"2021-03-16",1.23,"5",2
"2021-03-16",1.23,"6",-10
"2021-03-16",1.23,"1",-34
"2021-03-16",1.23,"2",-26
"2021-03-16",1.23,"3",12
"2021-03-17",1.24,"4",-34
"2021-03-17",1.24,"5",2
"2021-03-17",1.24,"6",-1
"2021-03-17",1.24,"1",-32
"2021-03-17",1.24,"2",-24
"2021-03-17",1.24,"3",11
"2021-03-18",1.24,"4",-38
"2021-03-18",1.24,"5",4
"2021-03-18",1.24,"6",-4
"2021-03-18",1.24,"1",-32
"2021-03-18",1.24,"2",-24
"2021-03-18",1.24,"3",13
"2021-03-19",1.24,"4",-37
"2021-03-19",1.24,"5",10
"2021-03-19",1.24,"6",32
"2021-03-19",1.24,"1",-27
"2021-03-19",1.24,"2",-23
"2021-03-19",1.24,"3",12
"2021-03-20",1.24,"4",-36
"2021-03-20",1.24,"5",4
"2021-03-20",1.24,"6",56
"2021-03-20",1.24,"1",-23
"2021-03-20",1.24,"2",-6
"2021-03-20",1.24,"3",9
"2021-03-21",1.27,"4",-46
"2021-03-21",1.27,"5",1
"2021-03-21",1.27,"6",21
"2021-03-21",1.27,"1",-31
"2021-03-21",1.27,"2",-6
"2021-03-21",1.27,"3",7
"2021-03-22",1.25,"4",-32
"2021-03-22",1.25,"5",3
"2021-03-22",1.25,"6",17
"2021-03-22",1.25,"1",-32
"2021-03-22",1.25,"2",-25
"2021-03-22",1.25,"3",11
"2021-03-23",1.23,"4",-29
"2021-03-23",1.23,"5",7
"2021-03-23",1.23,"6",49
"2021-03-23",1.23,"1",-29
"2021-03-23",1.23,"2",-25
"2021-03-23",1.23,"3",11
"2021-03-24",1.21,"4",-21
"2021-03-24",1.21,"5",9
"2021-03-24",1.21,"6",66
"2021-03-24",1.21,"1",-25
"2021-03-24",1.21,"2",-24
"2021-03-24",1.21,"3",10
"2021-03-25",1.19,"4",-26
"2021-03-25",1.19,"5",12
"2021-03-25",1.19,"6",23
"2021-03-25",1.19,"1",-29
"2021-03-25",1.19,"2",-25
"2021-03-25",1.19,"3",12
"2021-03-26",1.17,"4",-29
"2021-03-26",1.17,"5",14
"2021-03-26",1.17,"6",28
"2021-03-26",1.17,"1",-26
"2021-03-26",1.17,"2",-24
"2021-03-26",1.17,"3",12
"2021-03-27",1.14,"4",-52
"2021-03-27",1.14,"5",-1
"2021-03-27",1.14,"6",22
"2021-03-27",1.14,"1",-34
"2021-03-27",1.14,"2",-9
"2021-03-27",1.14,"3",11
"2021-03-28",1.11,"4",-49
"2021-03-28",1.11,"5",-6
"2021-03-28",1.11,"6",62
"2021-03-28",1.11,"1",-25
"2021-03-28",1.11,"2",-7
"2021-03-28",1.11,"3",7
"2021-03-29",1.08,"4",-35
"2021-03-29",1.08,"5",-5
"2021-03-29",1.08,"6",108
"2021-03-29",1.08,"1",-46
"2021-03-29",1.08,"2",-41
"2021-03-29",1.08,"3",14
"2021-03-30",1.06,"4",-29
"2021-03-30",1.06,"5",13
"2021-03-30",1.06,"6",155
"2021-03-30",1.06,"1",-31
"2021-03-30",1.06,"2",-37
"2021-03-30",1.06,"3",12
"2021-03-31",1.03,"4",-31
"2021-03-31",1.03,"5",9
"2021-03-31",1.03,"6",132
"2021-03-31",1.03,"1",-30
"2021-03-31",1.03,"2",-37
"2021-03-31",1.03,"3",10
"2021-04-01",1.01,"4",-34
"2021-04-01",1.01,"5",14
"2021-04-01",1.01,"6",84
"2021-04-01",1.01,"1",-36
"2021-04-01",1.01,"2",-38
"2021-04-01",1.01,"3",14
"2021-04-02",0.99,"4",-41
"2021-04-02",0.99,"5",17
"2021-04-02",0.99,"6",38
"2021-04-02",0.99,"1",-39
"2021-04-02",0.99,"2",-39
"2021-04-02",0.99,"3",16
"2021-04-03",0.97,"4",-43
"2021-04-03",0.97,"5",13
"2021-04-03",0.97,"6",43
"2021-04-03",0.97,"1",-31
"2021-04-03",0.97,"2",-12
"2021-04-03",0.97,"3",9
"2021-04-04",0.95,"4",-48
"2021-04-04",0.95,"5",-3
"2021-04-04",0.95,"6",47
"2021-04-04",0.95,"1",-31
"2021-04-04",0.95,"2",-8
"2021-04-04",0.95,"3",6
"2021-04-05",0.94,"4",-65
"2021-04-05",0.94,"5",-58
"2021-04-05",0.94,"6",25
"2021-04-05",0.94,"1",-65
"2021-04-05",0.94,"2",-82
"2021-04-05",0.94,"3",26
"2021-04-06",0.93,"4",-35
"2021-04-06",0.93,"5",18
"2021-04-06",0.93,"6",15
"2021-04-06",0.93,"1",-48
"2021-04-06",0.93,"2",-49
"2021-04-06",0.93,"3",17
"2021-04-07",0.93,"4",-39
"2021-04-07",0.93,"5",5
"2021-04-07",0.93,"6",19
"2021-04-07",0.93,"1",-45
"2021-04-07",0.93,"2",-46
"2021-04-07",0.93,"3",15
"2021-04-08",0.94,"4",-33
"2021-04-08",0.94,"5",14
"2021-04-08",0.94,"6",72
"2021-04-08",0.94,"1",-40
"2021-04-08",0.94,"2",-46
"2021-04-08",0.94,"3",16
"2021-04-09",0.95,"4",-39
"2021-04-09",0.95,"5",11
"2021-04-09",0.95,"6",78
"2021-04-09",0.95,"1",-38
"2021-04-09",0.95,"2",-45
"2021-04-09",0.95,"3",16
"2021-04-10",0.95,"4",-51
"2021-04-10",0.95,"5",0
"2021-04-10",0.95,"6",-24
"2021-04-10",0.95,"1",-43
"2021-04-10",0.95,"2",-15
"2021-04-10",0.95,"3",12
"2021-04-11",0.95,"4",-50
"2021-04-11",0.95,"5",-1
"2021-04-11",0.95,"6",23
"2021-04-11",0.95,"1",-34
"2021-04-11",0.95,"2",-9
"2021-04-11",0.95,"3",7
"2021-04-12",0.95,"4",-30
"2021-04-12",0.95,"5",5
"2021-04-12",0.95,"6",45
"2021-04-12",0.95,"1",-41
"2021-04-12",0.95,"2",-43
"2021-04-12",0.95,"3",14
"2021-04-13",0.95,"4",-29
"2021-04-13",0.95,"5",12
"2021-04-13",0.95,"6",95
"2021-04-13",0.95,"1",-38
"2021-04-13",0.95,"2",-43
"2021-04-13",0.95,"3",14
"2021-04-14",0.95,"4",-33
"2021-04-14",0.95,"5",4
"2021-04-14",0.95,"6",69
"2021-04-14",0.95,"1",-37
"2021-04-14",0.95,"2",-41
"2021-04-14",0.95,"3",12
"2021-04-15",0.95,"4",-35
"2021-04-15",0.95,"5",11
"2021-04-15",0.95,"6",65
"2021-04-15",0.95,"1",-39
"2021-04-15",0.95,"2",-42
"2021-04-15",0.95,"3",15
"2021-04-16",0.95,"4",-40
"2021-04-16",0.95,"5",11
"2021-04-16",0.95,"6",76
"2021-04-16",0.95,"1",-37
"2021-04-16",0.95,"2",-41
"2021-04-16",0.95,"3",15
"2021-04-17",0.95,"4",-42
"2021-04-17",0.95,"5",4
"2021-04-17",0.95,"6",83
"2021-04-17",0.95,"1",-26
"2021-04-17",0.95,"2",-7
"2021-04-17",0.95,"3",9
"2021-04-18",0.95,"4",-38
"2021-04-18",0.95,"5",11
"2021-04-18",0.95,"6",96
"2021-04-18",0.95,"1",-19
"2021-04-18",0.95,"2",-1
"2021-04-18",0.95,"3",5
"2021-04-19",0.96,"4",-34
"2021-04-19",0.96,"5",6
"2021-04-19",0.96,"6",36
"2021-04-19",0.96,"1",-29
"2021-04-19",0.96,"2",-24
"2021-04-19",0.96,"3",11
"2021-04-20",0.96,"4",-31
"2021-04-20",0.96,"5",11
"2021-04-20",0.96,"6",71
"2021-04-20",0.96,"1",-26
"2021-04-20",0.96,"2",-24
"2021-04-20",0.96,"3",11
"2021-04-21",0.96,"4",-31
"2021-04-21",0.96,"5",8
"2021-04-21",0.96,"6",63
"2021-04-21",0.96,"1",-25
"2021-04-21",0.96,"2",-23
"2021-04-21",0.96,"3",10
"2021-04-22",0.95,"4",-35
"2021-04-22",0.95,"5",11
"2021-04-22",0.95,"6",58
"2021-04-22",0.95,"1",-27
"2021-04-22",0.95,"2",-23
"2021-04-22",0.95,"3",11
"2021-04-23",0.95,"4",-39
"2021-04-23",0.95,"5",15
"2021-04-23",0.95,"6",72
"2021-04-23",0.95,"1",-24
"2021-04-23",0.95,"2",-22
"2021-04-23",0.95,"3",11
"2021-04-24",0.94,"4",-39
"2021-04-24",0.94,"5",9
"2021-04-24",0.94,"6",84
"2021-04-24",0.94,"1",-22
"2021-04-24",0.94,"2",-3
"2021-04-24",0.94,"3",8
"2021-04-25",0.93,"4",-38
"2021-04-25",0.93,"5",14
"2021-04-25",0.93,"6",87
"2021-04-25",0.93,"1",-18
"2021-04-25",0.93,"2",0
"2021-04-25",0.93,"3",5
"2021-04-26",0.93,"4",-22
"2021-04-26",0.93,"5",9
"2021-04-26",0.93,"6",62
"2021-04-26",0.93,"1",-25
"2021-04-26",0.93,"2",-24
"2021-04-26",0.93,"3",10
"2021-04-27",0.93,"4",-21
"2021-04-27",0.93,"5",13
"2021-04-27",0.93,"6",91
"2021-04-27",0.93,"1",-24
"2021-04-27",0.93,"2",-23
"2021-04-27",0.93,"3",10
"2021-04-28",0.92,"4",-20
"2021-04-28",0.92,"5",12
"2021-04-28",0.92,"6",79
"2021-04-28",0.92,"1",-21
"2021-04-28",0.92,"2",-22
"2021-04-28",0.92,"3",9
"2021-04-29",0.92,"4",-29
"2021-04-29",0.92,"5",18
"2021-04-29",0.92,"6",12
"2021-04-29",0.92,"1",-28
"2021-04-29",0.92,"2",-23
"2021-04-29",0.92,"3",12
"2021-04-30",0.92,"4",-26
"2021-04-30",0.92,"5",36
"2021-04-30",0.92,"6",46
"2021-04-30",0.92,"1",-25
"2021-04-30",0.92,"2",-27
"2021-04-30",0.92,"3",12
"2021-05-01",0.92,"4",-56
"2021-05-01",0.92,"5",-40
"2021-05-01",0.92,"6",76
"2021-05-01",0.92,"1",-27
"2021-05-01",0.92,"2",-24
"2021-05-01",0.92,"3",10
"2021-05-02",0.92,"4",-35
"2021-05-02",0.92,"5",25
"2021-05-02",0.92,"6",58
"2021-05-02",0.92,"1",-19
"2021-05-02",0.92,"2",-1
"2021-05-02",0.92,"3",5
"2021-05-03",0.92,"4",-13
"2021-05-03",0.92,"5",25
"2021-05-03",0.92,"6",46
"2021-05-03",0.92,"1",-25
"2021-05-03",0.92,"2",-27
"2021-05-03",0.92,"3",10
"2021-05-04",0.92,"4",-24
"2021-05-04",0.92,"5",17
"2021-05-04",0.92,"6",7
"2021-05-04",0.92,"1",-27
"2021-05-04",0.92,"2",-24
"2021-05-04",0.92,"3",11
"2021-05-05",0.92,"4",-19
"2021-05-05",0.92,"5",17
"2021-05-05",0.92,"6",27
"2021-05-05",0.92,"1",-23
"2021-05-05",0.92,"2",-22
"2021-05-05",0.92,"3",10
"2021-05-06",0.92,"4",-24
"2021-05-06",0.92,"5",18
"2021-05-06",0.92,"6",18
"2021-05-06",0.92,"1",-25
"2021-05-06",0.92,"2",-22
"2021-05-06",0.92,"3",11
"2021-05-07",0.91,"4",-25
"2021-05-07",0.91,"5",23
"2021-05-07",0.91,"6",53
"2021-05-07",0.91,"1",-19
"2021-05-07",0.91,"2",-20
"2021-05-07",0.91,"3",10
"2021-05-08",0.9,"4",-14
"2021-05-08",0.9,"5",14
"2021-05-08",0.9,"6",45
"2021-05-08",0.9,"1",-10
"2021-05-08",0.9,"2",2
"2021-05-08",0.9,"3",5
"2021-05-09",0.89,"4",-10
"2021-05-09",0.89,"5",15
"2021-05-09",0.89,"6",76
